Id,información,nivel,ejecución,mining,rediseño,funcional,management,analista,elaborar,marts,aplicación,extracción,simulación,co,warehouses,seguimiento,nuevo,arquitectura,indicador,uso,implementación,olap,planeamiento,usuario,venta,caso,experiencia,negociar,multidimensionales,administración,documentario,consultoría,área,estrategia,crm,sistema,poder,optimización,plan,financiero,volumen,proceso,evaluar,informático,auditoría,oracle,modelamiento,conocimiento,pantalla,mejora,implantación,ejecutar,mapeo,generación,monitorear,servicio,relevamiento,base,potencial,banca,administrador,flujogramas,herramienta,problema,diseño,análisis,datastage,prototipo,datamining,business,etl,services,bsc,explotación,modeladores,modelación,procesamiento,lógico,técnico,teradata,objeto,one,abap,bi,sap,cubo,registro,modelar,datawarehouse,gestión,diseñar,especificar,tabulares,analisys,modelo,datawarehousing,requerimiento,consultor,dominio,automatizables,mensual,diferente,comercial,reportar,actividad,analytics,listado,minería,bpmn,levantamiento,aseguramiento,desarrollo,sql,orientar,data,documentaria,reporting,negocio,junior,automatización,dato,entrever,enfrentar,prueba,inteligencia,documentación,intelligence,proyecto,especificación,apoyo,calidad,solución,process,erp,funcionalidad,consolidar,elaboración,moldeamiento,manejo,producto,bpm,físico,analizar,Categoria
2560,0,0.8931683145,0,0,0,1.707676352,2.5026062269,0,3.8455754633,0,10.5285417774,0,0,0.1183487204,0,0,3.8455754633,0,0,0,0,0,0,3.2306060638,0,0,0.2438237566,1.586315495,0,0,0,0,1.2915159548,0,0,0.4877032063,0,0,0,0,0,2.2326237315,0,0,0,1.7404661748,0,0.6752850235,0,0,0,0,0,0,0,2.2326237315,0,0.9985288301,0,0,0,0,0,0,0,1.1904198379,0,0,0,2.4336133554,0,0,0,0,0,0,0,0,1.3574739226,0,0,3.5141149289,0,1.2397499589,7.7301425971,0,0,0,0,3.4580385298,2.4336133554,0,0,0,0,0,1.586315495,0,0,0,0,0,0,2.0971411188,1.8094590463,0,0,0,0,0,0,3.6302282076,1.081220546,0,0,0,0,0,0,0,0.8789836795,0,0,0,0,0,0,1.2397499589,0,0,1.4781019104,1.2296405511,0,4.7381496685,0,0,2.3084502124,0,0,0,0,0,0,NULL
1793,0,0,0,0,0,0,0,0,0,0,1.5040773968,0,0,0.0710092323,0,0,0,0,0,0,0,0,0,0,0,0,1.4629425393,0,0,0,0,0,0,0,0,0.4877032063,0,0,0,0,0,0,0,0,0,1.7404661748,0,0.6752850235,0,0,0,0,0,0,0,0,0,0.9985288301,0,0,0,0,0,0,1.2498432584,0,0,0,0,0,0,2.0971411188,0,0,0,0,0,0,0,0,0,0,0,0,0,0,0,0,0,0,0,0,0,0,0,0,0,0,0,0,0,0,0,0,0,0,0,0,0,0,0,0.9075570519,2.1624410919,0,0,0,0,0,0,0,0.8789836795,0,0,0,0,0,0,0,2.7437682837,0,1.4781019104,0,0,0,0,0,0,0,0,0,0,0,1.9636097262,NULL
1794,1.2098379238,1.7863366289,0,0,0,0,0,1.0473189943,0,0,0,0,0,0.3313764172,0,0,0,0,0,0,0,0,0,0,0,0,0.2438237566,0,0,9.6139386582,0,0,0,0,0,0,0,0,0,0,0,0,0,0,0,0,0,1.0129275353,0,0,0,4.1012422063,0,0,0,4.4652474631,0,0,0,0,0,0,0,0,0,0,0,0,0,0,0,0,0,0,0,0,0,2.0061693406,0,0,0,0,0,0,0,0,0,0,0,0,0,0,0,0,0,0,0,0,0,0,0,0,0,0,0,0,0,0,0,0,0,0,0,0,0,0,0,0,0,0,0,0,0,0,0,0,0,1.2397499589,0,0,0,0,0,0,0,0,0,0,0,0,0,0,0,NULL
1541,0,0,0,0,0,0,0,1.0473189943,0,0,0,0,0,0.0946789763,0,0,0,0,0,2.0061693406,0,0,0,1.6153030319,0,2.576714199,0,0,0,0,0,0,0,0,0,0.4877032063,0,0,0,0,0,0,0,0,0,0,0,0,0,0,0,2.0506211031,0,0,0,0,0,0.9985288301,0,0,0,0,1.2915159548,0,2.4996865168,1.1904198379,0,0,0,0,0,0,0,0,0,0,0,0,1.3574739226,0,2.9444389792,0,0,1.2397499589,0,0,0,0,0,0,0,0,0,0,0,0,0,0,0,0,0,0,0,0,0,0,0,0,0,0,0,0,3.2436616379,5.1534283981,0,0,0,0,0,0,0,0,0,3.548735453,0,0,0,0,2.7437682837,0,1.4781019104,0,0,0,0,0,0,4.4485163759,1.558144618,0,0,0,0,NULL
1286,1.2098379238,3.5726732578,0,0,0,1.707676352,0,3.1419569828,1.9227877316,0,0,0,0,0.3787159054,0,1.8835670185,0,0,0,0,2.7609268816,0,0,0,0,0,0.2438237566,6.3452619801,0,0,0,0,0,0,0,0.4877032063,0,0,2.1972245773,0,0,16.7446779865,2.576714199,0,0,0,0,2.3634975824,0,11.7816583569,0,0,0,0,2.2512917986,3.3489355973,0,0,0,0,0,0,0,0,0,0,0,0,0,0,0,0,0,0,0,0,0,4.0123386811,0,0,0,0,0,1.2397499589,0,0,0,0,0,4.6107180398,0,0,0,0,0,0,0,0,0,0,0,0,0,0,1.8094590463,0,0,0,0,2.3084502124,0,0.9075570519,0,0,0,0,0,0,0,0,0,0,0,0,0,0,0,1.8596249384,0,0,0,1.2296405511,0,0,0,0,0,0,6.2325784722,0,3.7553691954,0,3.9272194523,NULL
1799,0,0,0,0,0,0,0,1.0473189943,0,0,0,0,0,0.4260553935,0,0,0,0,0,2.0061693406,0,0,0,0,0,0,0.2438237566,1.586315495,0,1.9227877316,0,0,2.5830319096,0,0,1.463109619,0,0,3.295836866,0,0,0,0,0,0,0,0,0.3376425118,0,0,0,2.0506211031,0,0,0,0,0,0,0,3.3499040873,0,0,1.2915159548,1.8835670185,0,0,0,0,0,0,0,0,0,0,0,0,0,0,2.7149478452,0,0,1.171371643,0,0.6198749795,0,0,0,0,0,0,0,0,0,0,0,0,1.586315495,0,0,0,0,0,0,0,0,0,0,0,0,0,0,0,0,0,0,0,0,0,0,0,0.8789836795,0,0,0,0,0,0,0,0,0,0,1.2296405511,0,0,0,0,0,0,1.558144618,0,0,0,0,NULL
2568,0,0,0,0,0,3.415352704,0,0,1.9227877316,0,3.0081547936,0,0,0.1183487204,0,0,1.9227877316,0,0,0,1.3804634408,0,0,1.6153030319,0,0,0.2438237566,0,0,0,0,0,0,0,0,0.4877032063,0,0,1.0986122887,0,0,1.1163118658,0,0,0,0,0,0.3376425118,0,0,0,0,0,0,0,0,0,0,0,0,0,0,1.2915159548,0,0,1.1904198379,0,0,0,0,0,0,0,0,0,0,0,0,2.7149478452,0,0,0,0,0,0,0,0,0,0,0,0,0,0,0,0,0,1.586315495,0,0,0,0,0,0,0,0,0,0,0,0,0,0,0,0,0,0,0,0,0,0,0,0,0,0,0,0,0,0,0,0,0,1.4781019104,2.4592811021,0,0,8.8970327519,0,0,0,0,0,0,0,3.9272194523,NULL
1545,0,0,0,0,0,0,5.0052124538,0,0,0,0,0,0,0.3787159054,0,0,0,0,0,0,0,0,0,0,0,0,0.2438237566,3.17263099,0,0,0,10.3068567962,2.5830319096,0,0,0,4.7381496685,0,0,0,0,0,0,0,0,0,0,0,0,0,0,0,0,0,0,2.2326237315,0,0.9985288301,0,0,0,0,0,0,0,0,0,0,0,0,0,0,0,0,0,0,0,0,0,0,0,0,0,0,0,0,0,0,0,0,0,0,0,0,0,0,0,8.2024844126,0,0,0,0,0,0,0,0,0,0,0,0,0,0,0,0,0,0,0,0,0,0,0.8789836795,0,0,0,0,0,0,0,0,0,0,0,0,0,0,0,0,0,1.558144618,0,0,0,0,NULL
2316,0,1.7863366289,0,0,0,0,0,1.0473189943,0,0,0,0,0,0.2366974409,0,0,0,2.1459312829,0,0,0,0,0,0,0,0,0.4876475131,0,0,0,0,0,0,0,0,1.463109619,0,0,0,0,0,0,0,0,0,0,0,0.3376425118,0,0,0,0,0,0,0,0,0,0.9985288301,0,0,0,0,0,0,1.2498432584,0,0,0,0,0,0,0,0,0,0,0,0,0,0,0,0,0,0,1.2397499589,0,0,0,0,0,0,0,0,0,0,0,0,0,0,0,0,0,0,0,0,1.8094590463,0,0,0,0,0,0,0,2.1624410919,0,0,0,0,0,0,0,0.8789836795,0,0,0,0,1.8094590463,0,1.2397499589,0,0,1.4781019104,0,0,0,0,0,0,0,0,0,0,0,0,NULL
2317,0,0.8931683145,0,0,0,0,0,0,0,0,0,0,0,0.1656882086,0,0,0,0,0,0,0,0,0,1.6153030319,0,0,0.9752950262,0,0,0,0,0,0,0,0,0.9754064127,0,0,0,0,0,0,0,0,0,0,0,0.3376425118,0,0,0,0,0,0,0,0,0,0,0,0,0,0,0,0,1.2498432584,1.1904198379,0,0,0,0,0,0,0,0,0,0,0,0,0,0,0,0,0,2.4794999178,0,0,0,0,0,0,0,0,0,0,0,0,0,0,0,0,0,0,0,0,1.8094590463,0,0,0,0,0,0,0,0,0,0,0,0,0,0,0,0,0,0,0,0,0,0,0.6198749795,0,0,0,0,0,0,0,0,0,0,0,0,0,0,0,NULL
1807,1.2098379238,0,0,0,0,0,2.5026062269,2.0946379886,1.9227877316,0,0,0,0,0.0946789763,0,0,0,2.1459312829,0,0,0,0,0,0,2.5026062269,2.576714199,0.2438237566,3.17263099,0,0,0,0,0,0,0,0,0,0,0,0,0,7.8141830604,0,0,0,0,2.8390784635,0.6752850235,0,0,0,0,0,0,0,2.2326237315,0,0,0,0,0,0,0,0,2.4996865168,0,0,0,0,2.4336133554,0,0,0,0,0,0,0,0,1.3574739226,0,0,0,0,0,0,0,0,0,0,1.1526795099,0,0,0,0,2.3690748343,0,0,0,0,0,0,0,0,0,0,0,0,0,4.0430512678,0,0,0,0,2.576714199,0,0,0,2.5026062269,0,5.678156927,0,0,0,0,0,0,0,0.6198749795,0,0,0,0,3.7553691954,0,0,0,2.3084502124,0,0,0,11.2661075861,0,0,sistemas de información
1296,1.2098379238,0,0,0,0,3.415352704,0,1.0473189943,0,0,3.0081547936,0,0,0.0710092323,0,0,0,0,0,0,0,0,0,0,0,2.576714199,0.4876475131,0,0,0,0,0,0,0,0,0.9754064127,0,0,1.0986122887,0,0,0,0,0,0,1.7404661748,0,0.3376425118,0,0,0,0,0,3.0622220148,0,0,0,0,0,0,0,0,0,0,2.4996865168,2.3808396758,0,0,0,0,0,0,0,0,0,0,0,0,1.3574739226,0,0,0,0,0,0,0,0,0,0,0,0,0,0,0,0,0,0,0,0,0,0,0,0,0,0,0,0,0,0,0,0,1.8151141038,0,0,0,0,0,0,3.3499040873,0,0,0,0,1.7743677265,0,0,0,0,2.7437682837,0,0,0,0,0,0,0,0,0,0,0,0,0,0,sistemas de información
2397,2.4196758476,1.7863366289,0,0,0,0,0,1.0473189943,1.9227877316,0,0,0,0,0.2603671849,0,0,1.9227877316,0,0,2.0061693406,0,0,0,0,0,0,0.4876475131,1.586315495,0,0,0,0,1.2915159548,0,0,0.4877032063,0,0,1.0986122887,0,0,1.1163118658,0,0,0,1.7404661748,0,0,0,0,0,4.1012422063,0,0,0,1.1163118658,0,0,0,0,0,0,1.2915159548,0,2.4996865168,2.3808396758,0,0,0,0,0,2.0971411188,0,0,0,0,0,4.0123386811,0,0,0,0,0,0,0,0,0,0,0,0,0,0,0,0,0,0,1.586315495,0,0,0,0,0,0,0,0,0,0,0,0,0,0,2.7226711557,2.1624410919,0,0,0,0,0,0,0,0.8789836795,0,0,0,0,0,0,3.7192498767,0,0,0,0,0,0,0,0,0,0,0,0,0,2.8390784635,0,NULL
1554,1.2098379238,0,0,0,0,0,0,0,1.9227877316,0,0,0,0,0.0946789763,0,0,0,0,0,0,0,0,0,1.6153030319,0,0,0.2438237566,0,0,0,0,0,0,0,0,0,0,0,1.0986122887,0,0,0,0,0,0,0,0,0,0,0,0,0,0,0,0,1.1163118658,0,0,0,0,0,0,0,0,0,0,0,0,0,0,0,0,0,0,0,0,0,0,1.3574739226,0,0,3.5141149289,0,0,0,0,0,0,0,0,0,0,0,0,0,0,0,0,0,0,0,0,0,0,0,0,0,0,0,0,0,0,0,0,0,0,0,0,0,0,0,0,0,0,0,0,0,0,0,0,0,0,0,0,0,0,0,0,0,0,0,0,0,NULL
2691,0,0.8931683145,0,0,0,0,0,0,0,0,0,0,0,0.0710092323,0,0,0,2.1459312829,0,0,0,0,0,0,0,0,0.2438237566,0,0,0,0,0,0,0,0,0.4877032063,0,0,1.0986122887,0,0,0,0,0,0,0,0,0.3376425118,0,0,0,0,0,0,0,0,0,0,0,0,0,0,0,0,3.7495297752,1.1904198379,0,0,0,0,0,0,0,0,0,0,0,0,0,0,0,0,0,0,0,0,0,0,0,0,0,0,0,0,0,0,1.586315495,0,0,0,0,0,0,0,0,0,0,0,0,0,0,2.7226711557,0,0,0,0,0,0,0,0,0,0,0,0,0,0,0,0.6198749795,0,0,0,2.4592811021,0,0,0,0,0,0,3.1162892361,0,0,0,0,NULL
2580,1.2098379238,0.8931683145,0,0,0,0,0,0,0,0,3.0081547936,0,0,0.0710092323,0,0,0,0,0,0,0,0,0,0,2.5026062269,0,0.2438237566,0,0,0,0,0,0,0,3.5322256441,0,0,0,0,2.5026062269,0,0,0,0,0,0,0,0.6752850235,0,0,0,0,0,0,0,0,0,0,0,10.0497122618,0,0,0,0,0,0,0,0,0,0,0,0,0,0,0,0,0,0,0,0,0,0,0,0,0,0,0,0,0,0,0,0,0,0,0,0,0,0,0,0,0,0,0,0,0,0,0,0,0,0,0,0,0,0,0,0,0,0,0,0,0,0,0,0,0,0,0,0,0,0,0,0,0,0,0,0,0,0,0,0,0,0,0,NULL
1557,1.2098379238,0.8931683145,0,0,0,0,0,0,0,0,0,0,0,0.544404114,0,0,0,0,0,0,2.7609268816,0,0,0,0,0,0,0,0,21.150665048,0,0,0,0,0,0.4877032063,0,0,0,0,0,0,0,0,0,0,0,1.3505700471,0,1.9636097262,0,0,0,0,0,3.3489355973,0,0,0,0,2.9444389792,0,0,0,1.2498432584,0,0,0,0,0,0,0,0,0,0,0,0,0,0,0,0,0,0,0.6198749795,0,0,0,0,0,0,0,0,0,0,0,0,0,0,2.3084502124,0,0,0,0,0,0,0,0,0,0,0,0,0,0,0,0,0,0,0,0,0,0,0,0,0,0,0,0,0.6198749795,0,0,0,6.1482027554,0,0,0,0,0,0,0,0,0,2.8390784635,0,NULL
1303,1.2098379238,0,2.576714199,0,0,0,0,2.0946379886,1.9227877316,0,0,0,0,0.5917436021,0,0,0,0,0,0,4.1413903224,0,0,0,0,0,0.4876475131,15.8631549501,0,0,0,0,1.2915159548,0,0,0.4877032063,0,0,3.295836866,0,0,4.4652474631,0,0,0,0,0,0.6752850235,0,0,0,0,0,0,4.5025835972,1.1163118658,0,0.9985288301,0,0,0,0,0,0,0,1.1904198379,0,0,0,0,0,0,0,0,0,0,0,0,0,0,0,1.171371643,0,3.0993748973,0,0,0,0,0,8.0687565696,0,0,0,0,0,0,0,0,0,0,0,0,0,0,0,0,0,0,0,0,0,0,0,0,0,0,0,5.0052124538,0,0,0,0,0,1.7743677265,0,0,0,0.6198749795,0,0,0,0,0,0,0,0,0,0,0,0,0,0,1.9636097262,NULL
2328,0,0,0,0,0,0,0,0,0,0,0,0,0,0.0946789763,0,3.767134037,0,0,0,0,0,0,0,0,0,0,0.2438237566,0,0,0,0,0,1.2915159548,0,0,0.4877032063,0,0,0,0,0,0,0,0,0,0,0,0,0,0,0,0,0,0,0,0,0,0,0,0,0,0,0,0,0,0,0,0,0,0,0,0,0,0,0,0,7.5107383908,0,0,0,0,0,0,0,0,0,0,0,0,0,0,0,0,0,0,0,0,0,0,0,0,0,0,0,0,0,0,0,0,0,0,0,0,0,0,0,0,0,0,0,0,0,0,0,0,0,0,0.6198749795,0,4.3944491547,0,0,0,0,0,0,0,0,0,0,0,0,0,NULL
1817,0,0.8931683145,0,0,0,1.707676352,0,0,0,0,1.5040773968,0,0,0.1656882086,0,0,0,0,0,0,1.3804634408,0,0,0,2.5026062269,0,0.7314712697,0,0,0,0,0,0,0,0,0.4877032063,0,0,0,0,0,2.2326237315,0,0,0,0,0,0,0,0,0,0,0,0,0,1.1163118658,0,0,0,0,0,0,0,1.8835670185,0,0,0,0,0,0,0,0,0,0,0,0,0,0,0,0,0,1.171371643,0,0,5.1534283981,0,0,0,0,0,2.4336133554,0,0,0,0,0,0,2.0506211031,0,0,0,0,0,0,0,0,0,0,0,0,0,0,0,2.576714199,0,0,0,0,0,0,0,0,0,0,0,0,0,1.8596249384,0,0,0,1.2296405511,0,0,0,0,0,0,0,0,0,0,1.9636097262,sistemas de información
2331,1.2098379238,0.8931683145,2.576714199,0,0,0,0,0,0,0,0,0,0,0.0473394882,0,0,0,0,0,0,0,0,0,0,0,0,0.7314712697,0,0,0,0,0,0,0,0,0.9754064127,0,8.0861025357,1.0986122887,0,4.4485163759,1.1163118658,0,0,0,0,0,0,0,0,0,0,0,0,0,0,0,0,0,0,0,0,0,0,0,0,5.1416635565,0,0,0,0,0,0,0,0,0,0,0,0,0,0,0,0,0.6198749795,0,0,0,0,0,0,0,0,0,0,0,0,0,0,0,0,0,0,0,0,0,0,0,0,0,0,0,0,2.1624410919,0,2.3084502124,0,0,0,0,0,0.8789836795,0,0,0,0,0,0,0,0,0,0,0,0,0,0,0,0,0,3.1162892361,0,0,0,0,sistemas de información
1308,0,0,0,0,0,1.707676352,0,2.0946379886,0,0,0,0,0,0.1420184645,0,0,0,0,0,0,2.7609268816,0,0,0,0,0,0.4876475131,0,0,0,0,0,0,0,0,0,0,0,2.1972245773,0,0,0,0,0,0,0,0,0.6752850235,0,0,0,0,0,0,0,0,0,1.9970576602,0,0,0,0,2.5830319096,0,2.4996865168,0,0,0,0,0,0,0,0,0,0,0,0,0,0,0,0,0,0,0,0,0,0,0,0,0,0,0,0,0,0,0,3.17263099,0,0,0,0,0,0,4.1942822376,0,0,0,0,0,0,0,1.8151141038,2.1624410919,0,0,0,0,0,0,0,1.7579673589,0,0,0,0,0,0,0,0,0,0,2.4592811021,0,0,0,0,0,0,0,0,0,0,3.9272194523,NULL
2077,0,0.8931683145,0,0,0,1.707676352,0,1.0473189943,0,0,0,0,0,0.1893579527,0,0,0,0,0,0,0,0,0,3.2306060638,0,0,0.4876475131,0,0,0,0,0,1.2915159548,0,3.5322256441,1.463109619,2.3690748343,0,0,2.5026062269,0,0,2.576714199,0,0,1.7404661748,0,1.3505700471,0,0,0,0,0,0,0,1.1163118658,0,1.9970576602,0,3.3499040873,0,0,0,3.767134037,0,0,0,0,0,0,0,0,0,0,0,0,0,0,1.3574739226,0,0,2.3427432859,0,0,0,0,0,0,0,3.4580385298,0,4.0430512678,0,0,0,0,3.17263099,0,0,0,0,0,0,0,3.6189180927,0,0,0,0,0,0,0.9075570519,0,2.576714199,0,0,0,0,0,0,0.8789836795,0,0,0,0,0,0,4.3391248562,0,0,0,1.2296405511,0,0,0,0,0,0,1.558144618,2.3084502124,0,0,0,sistemas de información
2309,3.6295137713,0,0,0,0,0,0,1.0473189943,1.9227877316,0,0,0,0,0.2603671849,0,0,1.9227877316,0,0,2.0061693406,0,0,0,0,0,0,0.7314712697,1.586315495,0,0,0,0,1.2915159548,0,0,0.9754064127,0,0,1.0986122887,0,0,1.1163118658,0,0,0,1.7404661748,0,0,0,0,0,4.1012422063,0,0,0,1.1163118658,0,0,0,0,0,0,1.2915159548,0,2.4996865168,2.3808396758,0,0,0,0,0,0,0,0,0,0,0,4.0123386811,0,0,0,0,0,0,0,0,0,0,0,0,0,0,0,0,0,0,1.586315495,0,0,0,0,0,0,0,0,0,0,0,0,0,0,2.7226711557,1.081220546,0,0,0,0,0,0,0,0.8789836795,0,0,0,0,0,0,3.7192498767,0,0,0,0,0,0,0,0,0,0,0,0,0,2.8390784635,0,NULL
1568,2.4196758476,0,0,0,0,0,0,0,0,0,1.5040773968,0,0,0.1656882086,0,0,3.8455754633,6.4377938488,0,0,0,0,0,0,0,0,0,0,0,0,0,0,1.2915159548,0,0,0,0,0,0,0,0,0,0,0,0,0,0,0.6752850235,0,0,0,0,0,0,0,1.1163118658,0,0,0,0,0,0,1.2915159548,0,1.2498432584,0,0,0,0,0,0,0,0,0,0,0,0,0,0,0,0,0,0,0.6198749795,2.576714199,0,0,0,0,0,0,0,0,0,0,0,0,0,0,0,0,0,0,0,0,0,0,0,0,2.3084502124,0,0.9075570519,0,0,0,0,0,0,0,0,0,0,0,0,0,0,0,1.2397499589,0,0,0,0,0,0,0,0,0,0,0,0,0,0,0,NULL
1798,0,0,0,0,0,3.415352704,0,0,0,0,0,0,0,0.1183487204,0,0,0,0,0,0,0,0,0,1.6153030319,0,0,0.4876475131,0,0,0,0,2.576714199,0,0,0,0,0,0,0,0,0,0,0,0,0,0,0,0,0,0,0,0,0,0,0,0,0,0,0,0,0,0,0,0,0,0,0,0,0,0,0,0,0,0,0,0,0,0,0,0,0,0,0,0,2.576714199,0,0,0,0,0,0,0,0,0,0,0,0,8.2024844126,0,0,0,0,0,0,0,0,0,0,0,0,0,0,0,0,0,0,0,0,0,0,0,0,0,0,0,0,0,0,0,0,0,0,0,0,0,0,0,0,0,0,0,0,0,sistemas de información
1831,0,0.8931683145,0,0,0,3.415352704,0,0,3.8455754633,0,1.5040773968,0,0,0.0946789763,0,0,0,2.1459312829,0,0,0,0,0,0,0,0,0.4876475131,0,0,0,0,0,0,0,0,0,0,0,0,0,0,0,0,0,0,3.4809323497,0,0,0,0,0,0,0,0,0,0,0,0.9985288301,0,0,0,0,0,0,1.2498432584,0,0,0,0,0,0,0,0,0,0,0,0,0,2.7149478452,0,0,0,0,0.6198749795,0,0,0,0,0,0,0,0,0,0,0,0,0,0,0,0,0,0,0,0,0,0,0,0,0,0,0,0,4.3248821838,0,0,0,0,0,0,0,0.8789836795,0,0,0,0,1.8094590463,0,1.2397499589,2.7437682837,0,0,0,0,0,0,0,0,0,0,0,0,0,0,NULL
2742,0,2.6795049434,0,0,0,0,0,0,0,0,0,0,0,0.1893579527,0,0,0,0,0,0,0,0,0,6.4612121275,0,0,0.2438237566,0,0,0,0,0,0,0,0,0.9754064127,0,0,0,0,0,0,0,0,0,0,0,0.3376425118,0,0,0,0,0,0,0,1.1163118658,0,0,0,0,0,0,0,3.767134037,0,0,0,0,0,0,0,0,0,0,0,0,0,0,1.3574739226,0,0,0,0,0.6198749795,0,0,0,0,0,0,0,0,0,0,0,0,0,0,0,0,0,0,0,0,0,0,0,0,0,0,0,0,0,0,0,0,0,0,0,0,0,0,0,0,0,0,0,0,0,8.7888983093,0,2.4592811021,0,0,0,0,0,0,1.558144618,0,0,0,0,NULL
2567,0,0.8931683145,0,0,0,0,0,0,0,0,0,0,0,0.1420184645,0,1.8835670185,1.9227877316,0,0,0,2.7609268816,0,0,0,0,0,0.2438237566,0,0,1.9227877316,0,0,0,0,0,0.9754064127,0,0,0,0,0,1.1163118658,0,0,0,0,0,0,0,0,0,0,0,0,0,1.1163118658,0,0,0,0,0,0,1.2915159548,0,0,0,0,0,0,0,0,0,0,0,0,0,0,0,1.3574739226,0,0,0,0,0,0,0,0,0,0,1.1526795099,2.4336133554,0,0,0,0,0,0,0,0,0,0,0,0,0,1.8094590463,0,0,0,0,0,0,0,0,0,0,0,0,0,0,0,0.8789836795,0,0,1.7743677265,0,0,0,0.6198749795,0,0,0,1.2296405511,0,0,0,0,2.3084502124,0,0,2.3084502124,0,0,3.9272194523,NULL
1327,0,0,0,0,0,0,0,1.0473189943,0,0,0,0,0,0,0,0,0,0,0,4.0123386811,0,0,0,0,0,0,3.9011801048,0,0,0,0,0,0,0,0,0,0,0,0,0,0,0,0,0,0,6.9618646994,0,0,0,0,0,0,0,0,0,0,0,1.9970576602,0,0,0,0,0,0,0,0,0,0,0,0,0,0,0,0,0,0,0,0,0,0,0,0,0,0,0,0,0,0,0,0,0,8.0861025357,0,0,0,0,0,0,0,0,0,0,0,0,0,0,0,0,0,0,0,5.4453423114,0,0,0,0,0,0,0,0,1.7579673589,0,0,0,0,0,0,0,0,0,0,2.4592811021,0,0,0,0,0,0,0,0,0,0,0,NULL
2809,0,0,0,0,0,0,0,0,0,0,0,0,0,0,0,0,0,0,0,0,0,0,0,0,0,0,0,0,0,0,0,0,0,0,0,0,0,0,0,0,0,1.1163118658,0,0,0,0,0,0,0,0,0,0,0,0,0,0,0,0.9985288301,0,0,0,0,0,0,0,0,0,0,0,0,0,0,0,0,0,0,0,0,0,0,0,0,0,0,0,0,0,0,0,0,0,0,0,0,0,0,0,0,0,0,0,0,0,2.0971411188,0,0,0,0,0,0,0,0.9075570519,2.1624410919,0,0,0,0,0,0,0,0.8789836795,0,0,0,0,0,0,0,0,0,0,0,0,0,0,0,0,0,1.558144618,0,0,0,0,NULL
1971,0,0.8931683145,0,0,0,0,0,0,0,0,0,0,0,0.1656882086,0,0,0,0,0,0,0,0,0,0,0,0,0.4876475131,0,0,0,0,0,0,0,0,0.4877032063,0,0,1.0986122887,0,0,0,0,0,0,0,0,0,0,0,0,0,0,0,0,0,0,0,0,0,0,0,0,1.8835670185,0,0,0,0,0,0,0,0,0,0,0,0,0,0,1.3574739226,0,0,0,0,1.2397499589,0,0,0,0,0,0,0,0,0,0,0,0,0,0,0,0,0,0,0,0,0,0,0,0,0,0,0,0,0,0,0,0,0,0,0,0,0.8789836795,0,0,0,0,0,0,1.2397499589,0,0,0,1.2296405511,0,0,0,0,0,0,0,0,0,0,1.9636097262,NULL
2539,0,0,0,0,0,0,0,0,0,0,0,0,0,0.544404114,0,1.8835670185,0,0,0,0,1.3804634408,0,0,0,2.5026062269,0,0.7314712697,0,0,1.9227877316,0,2.576714199,6.457579774,3.5322256441,0,0.4877032063,0,0,1.0986122887,0,0,1.1163118658,0,0,0,0,0,1.0129275353,0,1.9636097262,0,0,0,0,2.2512917986,1.1163118658,0,1.9970576602,0,0,0,0,1.2915159548,1.8835670185,0,3.5712595138,0,0,0,2.4336133554,0,0,0,0,0,0,0,0,0,0,0,0,0,3.0993748973,0,0,0,0,0,2.3053590199,0,0,0,0,0,0,0,2.0506211031,0,0,0,5.3135138134,19.1745204447,6.2914233563,1.8094590463,5.1416635565,0,0,0,0,0,2.7226711557,0,0,6.9253506373,0,0,2.5026062269,0,0,2.6369510384,0,0,0,3.5322256441,0,3.1957534074,1.2397499589,0,8.7888983093,2.9562038207,0,0,2.3690748343,0,0,4.6169004249,0,6.2325784722,0,0,0,0,sistemas de información
2654,1.2098379238,0,0,0,0,0,2.5026062269,0,0,0,0,0,0,0.284036929,0,0,0,0,0,0,0,0,0,4.8459090957,0,0,0.2438237566,0,0,0,0,0,0,0,0,0.9754064127,0,0,0,0,0,0,2.576714199,0,0,0,0,0.6752850235,0,0,0,0,0,0,0,0,0,2.9955864903,0,0,0,0,0,3.767134037,0,0,0,0,0,0,0,0,0,0,0,0,0,0,0,0,0,2.3427432859,0,0,0,0,0,0,0,1.1526795099,0,0,0,0,0,0,1.586315495,0,0,0,0,2.6567569067,0,0,0,0,0,0,0,0,0,0,0,0,2.3084502124,0,0,0,0,0,0.8789836795,0,0,0,0,0,0,0,0,0,0,2.4592811021,0,0,0,0,0,0,0,0,0,0,0,NULL
2283,0,0,0,0,0,0,0,0,0,0,1.5040773968,0,0,0.0946789763,0,0,0,0,2.576714199,2.0061693406,0,0,0,0,2.5026062269,0,0,0,0,0,0,0,1.2915159548,0,0,0,0,0,0,0,0,1.1163118658,0,0,3.5322256441,0,0,0,0,0,0,0,0,3.0622220148,0,0,0,0,0,0,0,0,1.2915159548,0,0,0,0,0,0,0,0,0,0,0,0,0,0,0,0,0,0,0,0,0,0,0,3.7553691954,0,0,0,0,0,0,0,0,0,0,0,0,0,3.5322256441,0,0,2.0971411188,0,0,0,0,0,0,0,0,0,0,0,0,0,0,0,0,0,0,0,0,0,0,0,0,0,0,0,0,0,0,0,0,0,0,0,0,0,0,0,sistemas de información
1801,0,0,0,0,8.8970327519,1.707676352,0,1.0473189943,0,0,0,0,0,0.2366974409,0,0,0,0,0,0,0,0,0,0,0,0,0.9752950262,1.586315495,0,0,0,0,0,0,0,0,0,0,0,0,0,5.5815593288,0,0,0,0,5.678156927,1.3505700471,0,1.9636097262,0,0,0,0,0,0,0,0,0,0,0,0,1.2915159548,0,4.9993730336,0,0,0,0,0,0,0,0,0,4.4485163759,0,0,0,0,0,0,0,0,0.6198749795,0,0,0,0,0,0,0,0,0,0,0,0,1.586315495,0,0,0,0,0,0,0,0,0,0,0,4.0430512678,2.3084502124,0,0,0,0,0,0,0,0,0,0,0,0,0,0,0,0,0,0,0,0,0,0,0,0,0,0,0,0,0,0,7.5107383908,0,1.9636097262,sistemas de información
1337,0,0,0,0,0,0,0,1.0473189943,0,0,0,0,0,0,0,0,0,0,0,0,0,0,0,0,0,0,0.2438237566,0,0,0,0,0,0,0,0,0.9754064127,0,0,0,0,0,0,0,0,0,3.4809323497,0,0,0,0,0,0,0,0,0,0,0,0,0,0,0,0,0,0,0,1.1904198379,0,0,0,0,0,0,0,0,0,0,0,0,0,0,0,0,0,0,0,0,0,0,0,0,0,0,0,0,0,0,0,0,0,0,0,0,0,0,0,0,0,0,0,0,0,0.9075570519,2.1624410919,0,0,0,0,0,3.3499040873,0,0,0,0,0,0,1.8094590463,0,0,0,0,0,0,0,0,0,0,0,0,0,0,0,0,0,NULL
1338,0,0,0,0,0,0,0,1.0473189943,0,0,0,0,0,0.1183487204,0,0,3.8455754633,6.4377938488,0,4.0123386811,0,0,0,0,0,2.576714199,0.2438237566,0,0,0,0,0,1.2915159548,0,0,0,0,0,0,0,0,1.1163118658,0,0,0,0,0,0,0,0,0,0,0,0,0,0,0,0,0,0,0,0,1.2915159548,0,0,0,0,0,0,0,0,0,0,0,0,0,0,0,4.0724217678,0,0,0,0,1.2397499589,0,0,0,0,0,0,0,0,0,0,0,0,0,0,0,0,0,0,0,0,0,0,0,0,0,0,0,0.9075570519,0,0,0,0,0,0,0,0,0,0,0,5.3231031795,0,1.8094590463,0,0.6198749795,0,0,0,0,0,0,0,0,0,0,0,0,0,0,0,NULL
2271,0,0.8931683145,0,0,0,0,0,0,0,0,0,0,0,0.1656882086,0,0,0,0,0,0,0,0,0,1.6153030319,0,0,0.7314712697,0,0,0,0,0,0,0,0,0.9754064127,0,0,0,0,0,0,0,0,0,0,0,0.3376425118,0,0,0,0,0,0,0,0,0,0.9985288301,0,0,0,0,0,0,1.2498432584,1.1904198379,0,0,0,0,0,0,0,0,0,0,0,0,0,0,0,0,0,0.6198749795,0,0,0,0,0,0,0,0,0,0,0,0,0,0,0,0,0,0,0,0,1.8094590463,0,0,0,0,0,0,0,0,0,0,0,0,0,0,0,0.8789836795,0,0,0,0,0,0,0.6198749795,0,0,0,0,0,0,0,0,0,0,0,0,0,0,0,NULL
1598,0,0.8931683145,0,0,0,0,0,0,0,0,1.5040773968,0,0,0.0710092323,0,0,0,0,0,0,0,0,0,0,0,0,0.2438237566,0,0,0,0,0,0,0,0,0,0,0,0,0,0,0,0,0,0,0,0,0.6752850235,0,0,0,0,0,3.0622220148,0,0,0,0.9985288301,0,0,0,0,0,0,0,0,0,0,0,0,0,2.0971411188,0,0,0,0,0,0,0,0,0,0,0,0.6198749795,0,0,0,0,0,0,0,0,0,0,0,0,0,0,0,0,0,0,0,0,0,0,0,0,0,0,0,0,1.081220546,0,0,0,0,0,0,0,0.8789836795,0,0,0,0,0,0,0,0,0,0,0,0,0,0,0,0,0,0,0,0,0,0,NULL
2111,1.2098379238,0,0,0,0,0,0,1.0473189943,0,0,0,0,0,0.0946789763,0,0,0,0,0,0,0,0,0,0,0,0,0,0,0,0,0,0,0,0,0,1.9508128254,0,0,0,0,0,2.2326237315,0,0,0,0,0,0.3376425118,0,0,0,0,0,0,0,0,0,0,0,0,0,0,0,0,0,0,0,0,0,0,0,0,0,0,0,0,0,0,0,0,0,0,0,0.6198749795,0,0,0,0,0,1.1526795099,0,0,0,0,0,0,0,0,0,0,0,0,0,0,0,0,0,0,0,0,0,0,0,0,0,0,0,0,0,0,0,0,0,0,0,3.6189180927,0,0.6198749795,0,2.1972245773,0,0,0,0,0,0,0,0,0,0,0,0,0,sistemas de información
1600,1.2098379238,0.8931683145,0,0,0,1.707676352,0,0,0,0,1.5040773968,0,0,0.1893579527,0,0,0,0,0,0,1.3804634408,0,0,0,2.5026062269,0,0.4876475131,0,0,0,0,0,0,0,0,0.9754064127,0,0,0,0,0,2.2326237315,0,0,0,0,0,0,0,0,0,0,0,0,0,1.1163118658,0,0,0,0,0,0,0,1.8835670185,0,0,0,0,0,0,0,0,0,0,0,0,0,0,0,0,0,1.171371643,0,1.2397499589,5.1534283981,0,0,0,0,0,2.4336133554,0,0,0,0,0,0,2.0506211031,0,0,0,0,0,0,0,0,0,0,0,0,0,0,0,2.576714199,0,0,0,0,0,0,0,0,0,0,0,0,0,1.8596249384,0,0,0,1.2296405511,0,2.3690748343,0,0,0,0,0,0,0,0,1.9636097262,sistemas de información
1857,0,0,0,0,0,0,0,0,0,0,0,0,0,0.2366974409,0,0,0,0,0,0,0,0,0,0,0,0,0,0,0,0,0,0,0,0,0,0,0,0,2.1972245773,0,0,0,0,0,0,0,0,0,0,0,0,0,0,0,0,0,0,3.9941153204,0,0,0,0,0,0,0,0,0,0,0,0,0,0,0,0,0,0,0,0,0,0,0,1.171371643,0,1.8596249384,0,0,0,0,0,0,0,0,0,0,0,0,0,0,0,0,0,0,0,0,0,0,0,0,0,0,0,0,2.1624410919,0,4.6169004249,0,3.5322256441,0,0,0,0,0,0,0,0,0,0,0,0,0,0,0,3.7553691954,0,0,0,0,0,0,0,0,0,0,NULL
2114,4.8393516951,0,0,0,0,0,0,0,13.4595141214,0,0,0,0,0.5680738581,0,0,1.9227877316,0,0,10.0308467029,2.7609268816,0,0,0,0,12.8835709952,0.9752950262,0,0,0,0,5.1534283981,0,0,0,3.4139224444,2.3690748343,0,0,0,0,0,0,0,0,5.2213985245,0,0.6752850235,0,0,0,0,0,0,0,1.1163118658,0,1.9970576602,0,0,0,0,1.2915159548,0,6.249216292,4.7616793517,0,0,0,0,0,0,0,0,0,0,0,2.0061693406,1.3574739226,0,2.9444389792,1.171371643,0,0.6198749795,0,0,0,3.3499040873,0,1.1526795099,0,0,0,0,2.3690748343,0,3.17263099,6.1518633094,0,0,0,0,0,0,7.2378361853,0,13.3455491278,0,0,0,0,3.6302282076,0,0,0,0,0,0,0,0,1.7579673589,0,0,0,0,0,0,2.4794999178,2.7437682837,0,1.4781019104,0,0,0,0,0,0,0,0,0,0,2.8390784635,0,sistemas de información
1860,0,0,0,0,0,0,0,1.0473189943,0,0,0,0,0,0.1893579527,0,0,0,0,0,0,0,0,0,1.6153030319,0,0,0.2438237566,0,0,1.9227877316,0,0,0,0,0,0.4877032063,0,0,0,0,0,0,0,0,0,0,0,0.6752850235,0,0,0,0,0,0,0,0,0,0.9985288301,0,0,0,0,0,0,0,0,0,0,0,0,0,0,0,0,0,0,0,0,0,0,0,1.171371643,0,0,0,0,0,0,0,0,0,0,0,0,0,0,0,0,0,0,0,0,0,0,0,0,0,0,0,0,0,0.9075570519,2.1624410919,0,0,0,0,0,0,0,0.8789836795,0,0,0,0,0,0,0,0,0,0,0,0,0,0,0,0,0,3.1162892361,0,0,0,0,NULL
2230,0,0,0,0,0,0,0,0,0,0,0,0,0,0.1420184645,0,0,0,0,0,0,1.3804634408,0,0,0,0,0,0,0,0,0,0,0,0,0,0,0.4877032063,2.3690748343,0,0,0,0,0,0,0,0,0,0,0.3376425118,0,0,0,0,0,0,0,0,0,0.9985288301,0,0,0,0,0,0,1.2498432584,0,0,0,0,0,0,0,0,0,0,0,0,0,0,0,0,1.171371643,0,0,0,0,0,0,0,0,0,0,0,0,0,0,0,0,0,0,0,0,0,0,0,0,0,0,0,0,0,0,0,0,0,0,0,0,0,0,0.8789836795,0,0,0,0,3.6189180927,0,0.6198749795,0,0,1.4781019104,0,0,0,0,0,0,0,0,0,0,0,0,NULL
1350,2.4196758476,0,0,0,0,0,0,0,0,0,0,0,0,0.0710092323,0,0,0,0,0,0,0,0,0,0,0,0,0.2438237566,0,0,0,0,0,2.5830319096,0,0,0.4877032063,0,0,0,0,0,1.1163118658,0,0,0,0,0,0,0,1.9636097262,0,0,0,0,0,0,0,0.9985288301,0,0,0,0,0,0,0,1.1904198379,0,0,0,0,0,0,0,0,0,0,0,0,0,0,0,1.171371643,0,0,0,0,0,0,0,0,0,0,0,0,0,0,0,0,0,0,0,0,0,0,0,0,0,0,0,0,0,0,0,0,0,0,0,2.5026062269,0,0,0.8789836795,0,0,0,0,0,0,0,0,0,0,0,0,0,0,0,0,0,1.558144618,0,0,0,0,NULL
2572,0,0,0,0,0,0,2.5026062269,0,0,0,0,0,0,0.0946789763,0,0,0,0,0,0,0,0,0,0,0,0,0,1.586315495,0,0,0,0,0,0,0,0,0,0,0,0,0,3.3489355973,0,0,0,0,0,0.6752850235,0,0,0,0,8.8970327519,0,0,0,0,0,0,0,0,5.1416635565,2.5830319096,0,0,3.5712595138,0,0,0,2.4336133554,0,0,0,0,0,0,0,0,0,0,0,0,0,0,0,0,0,0,0,1.1526795099,0,0,0,0,0,0,0,2.0506211031,0,0,0,0,0,0,0,0,0,0,0,2.3084502124,0,0,0,0,0,0,0,0,3.3499040873,0,0,0,0,0,0,0,0,0.6198749795,0,0,0,0,3.7553691954,0,0,0,2.3084502124,0,0,0,0,0,0,sistemas de información
2122,1.2098379238,0.8931683145,0,0,0,0,0,1.0473189943,0,0,0,0,0,0.2366974409,0,1.8835670185,0,0,0,0,1.3804634408,0,0,0,0,2.576714199,0.2438237566,3.17263099,0,0,0,0,3.8745478644,0,0,0,0,0,3.295836866,0,0,0,0,0,3.5322256441,0,0,0.3376425118,0,0,0,2.0506211031,0,0,0,1.1163118658,0,0,0,0,0,0,0,0,0,0,0,0,0,0,0,0,0,0,0,0,0,0,0,0,0,0,0,0,0,0,0,0,0,2.3053590199,0,0,0,0,0,0,0,0,0,0,0,0,0,2.0971411188,0,0,0,0,0,0,0,0,0,2.576714199,0,0,0,2.5026062269,0,0,0,0,0,0,0,0,0,0,0,0,0,0,0,0,0,0,0,0,0,0,0,0,0,NULL
2103,1.2098379238,0,0,0,0,0,0,0,1.9227877316,0,0,0,0,0.0710092323,0,0,0,0,0,0,0,0,0,0,0,0,0,0,0,0,0,0,0,0,0,0,0,0,1.0986122887,0,0,1.1163118658,0,0,0,0,0,0,0,0,0,0,0,0,0,0,4.4485163759,0,0,0,0,0,0,0,0,0,0,0,0,0,0,0,4.4485163759,0,0,0,3.7553691954,0,0,0,0,0,0,0,0,0,0,0,0,2.3053590199,0,0,0,0,0,0,0,0,0,0,0,0,0,0,0,0,0,0,0,0,0,0,0,0,0,0,0,0,0,0,0,0,0,0,0,0,0,0.6198749795,0,0,0,0,0,0,0,0,4.6169004249,0,0,0,0,0,0,NULL
2129,0,0,0,0,0,0,0,0,0,0,0,0,0,0.0710092323,0,0,1.9227877316,0,0,0,1.3804634408,0,0,1.6153030319,0,0,0,0,0,0,0,0,0,0,0,0.4877032063,0,0,0,0,0,0,0,0,0,0,0,0,0,0,0,0,0,0,0,0,0,1.9970576602,0,0,0,0,0,0,0,0,0,0,0,0,0,0,0,0,0,0,0,0,0,0,0,0,0,0,0,0,0,0,0,0,0,0,0,0,0,0,0,0,0,0,0,0,0,0,0,0,0,0,0,0,0,0,0,0,0,0,0,0,0,0,0.8789836795,0,0,0,0,0,0,0,0,0,0,0,0,0,0,0,0,0,1.558144618,0,0,0,0,NULL
2130,0,2.6795049434,0,0,0,0,0,0,0,0,0,0,0,0.3077066731,0,0,0,0,0,0,0,0,0,0,0,0,0.2438237566,1.586315495,0,1.9227877316,0,0,0,0,0,1.463109619,0,0,0,0,0,1.1163118658,0,0,0,0,2.8390784635,1.0129275353,0,0,0,0,0,0,0,2.2326237315,0,0,0,3.3499040873,0,0,0,0,0,1.1904198379,0,0,0,0,0,0,0,0,0,0,0,0,4.0724217678,0,0,0,0,0,0,0,0,0,0,1.1526795099,0,0,0,0,0,0,1.586315495,2.0506211031,2.3084502124,0,0,0,0,0,0,0,0,0,0,0,0,0.9075570519,0,0,0,0,0,0,0,0,0,0,0,0,0,0,0,0.6198749795,0,0,0,0,0,0,0,0,2.3084502124,0,0,0,0,0,0,NULL
1363,0,0,0,0,0,0,0,1.0473189943,0,0,0,0,0,0.1420184645,0,0,0,0,0,0,2.7609268816,0,0,0,0,0,0.4876475131,0,0,0,0,0,0,0,0,0,0,0,2.1972245773,0,0,0,0,0,0,0,0,0.6752850235,0,0,0,0,0,0,0,0,0,1.9970576602,0,0,0,0,2.5830319096,0,2.4996865168,0,0,0,0,0,0,0,0,0,0,0,0,0,0,0,0,0,0,0,0,0,0,0,0,0,0,0,0,0,0,0,3.17263099,0,0,0,0,0,0,4.1942822376,0,0,0,0,0,0,0,1.8151141038,2.1624410919,0,0,0,0,0,0,0,1.7579673589,0,0,0,0,0,0,0,0,0,0,2.4592811021,0,0,0,0,0,0,0,0,0,0,3.9272194523,NULL
1977,3.6295137713,0.8931683145,0,0,0,0,0,0,0,0,0,0,0,0.1420184645,0,1.8835670185,0,0,0,0,0,0,0,0,0,0,0.4876475131,0,0,1.9227877316,0,0,1.2915159548,0,0,0.4877032063,0,0,0,0,4.4485163759,4.4652474631,0,0,0,0,0,0,0,5.8908291785,0,0,0,0,0,0,0,0.9985288301,0,0,0,0,0,0,0,0,0,0,0,0,0,0,0,0,0,0,3.7553691954,0,0,0,0,1.171371643,0,0,0,0,0,0,0,0,0,0,0,0,0,0,0,0,0,5.1416635565,3.5322256441,0,0,0,0,0,0,0,0,4.6169004249,0,0,0,0,0,10.283327113,0,0,0,0,0.8789836795,0,0,0,0,0,0,0,0,0,0,1.2296405511,0,0,0,0,0,0,0,0,0,0,0,sistemas de información
2392,0,0,0,0,0,0,0,1.0473189943,0,0,0,0,0,0.1183487204,0,0,0,0,2.576714199,0,0,0,0,0,0,0,0.2438237566,0,0,0,0,0,1.2915159548,0,0,1.9508128254,0,0,0,5.0052124538,0,0,0,0,0,0,0,0.3376425118,0,0,0,0,0,0,0,0,0,0,0,0,0,0,0,0,0,3.5712595138,0,0,0,0,0,2.0971411188,0,0,0,0,0,0,0,0,0,1.171371643,0,1.2397499589,0,5.1416635565,0,0,0,1.1526795099,0,0,0,5.1416635565,0,0,0,0,0,0,0,0,0,0,3.6189180927,0,0,0,0,0,0,0,1.081220546,0,0,0,0,2.5026062269,0,0,0,0,0,0,3.5322256441,1.8094590463,0,0.6198749795,0,0,0,0,0,0,0,0,0,0,1.558144618,0,0,0,0,sistemas de información
2669,0,0,0,0,0,0,0,0,0,0,0,0,0,0.0946789763,0,0,0,0,0,0,0,0,0,0,0,0,0,0,0,0,0,0,0,0,0,0,0,0,0,0,0,0,0,0,0,0,0,0,0,0,0,0,0,0,0,0,0,0,0,0,0,0,0,0,0,0,0,0,0,0,0,0,0,0,0,0,0,0,0,0,0,0,0,0,0,0,0,0,0,0,0,0,0,0,0,0,0,0,0,0,0,0,0,0,0,0,0,0,0,0,0,0,2.1624410919,0,0,0,0,0,0,0,0,0,0,0,0,0,0,0,0,0,0,0,0,2.3690748343,0,0,0,0,0,0,0,0,0,NULL
1371,0,0,0,0,0,0,0,1.0473189943,0,0,0,0,0,0.0236697441,0,0,0,0,0,0,0,0,0,0,0,0,0.2438237566,0,0,0,0,0,1.2915159548,0,0,0,0,0,1.0986122887,0,0,0,0,0,0,0,0,0,0,0,0,2.0506211031,0,0,0,0,0,0,0,0,0,0,3.8745478644,0,0,0,0,0,0,0,0,0,0,0,0,0,0,0,0,0,0,0,0,0,0,0,0,0,0,5.7633975497,0,0,0,0,0,0,1.586315495,0,2.3084502124,0,0,0,0,0,0,0,0,0,0,0,0,0.9075570519,0,0,0,0,0,0,0,2.8390784635,0,0,0,12.4205740856,0,0,0,2.4794999178,0,0,1.4781019104,0,0,0,0,0,0,0,0,0,0,0,0,NULL
2141,1.2098379238,1.7863366289,0,0,0,1.707676352,0,1.0473189943,0,0,3.0081547936,0,0,1.372845157,0,5.6507010554,3.8455754633,0,0,2.0061693406,1.3804634408,0,0,14.537727287,2.5026062269,7.7301425971,0,0,0,1.9227877316,0,0,10.3321276383,0,0,10.7294705396,0,0,3.295836866,0,0,0,0,0,3.5322256441,0,0,0.6752850235,0,1.9636097262,0,0,0,3.0622220148,4.5025835972,11.1631186577,0,0.9985288301,0,0,0,0,1.2915159548,1.8835670185,0,2.3808396758,0,0,0,0,0,0,0,0,0,0,0,0,6.7873696129,0,0,2.3427432859,0,3.7192498767,20.6137135923,0,11.2661075861,0,0,3.4580385298,2.4336133554,0,0,0,0,0,4.758946485,0,0,0,7.0644512881,5.3135138134,0,6.2914233563,0,0,0,0,0,0,0,2.7226711557,0,0,0,0,0,0,0,0,0,0,0,1.7743677265,0,0,0,1.2397499589,0,0,0,1.2296405511,0,0,0,0,0,0,0,0,0,5.678156927,1.9636097262,NULL
1886,0,0,0,0,0,0,2.5026062269,0,0,0,0,0,0,0.0946789763,0,0,0,0,0,0,0,0,0,0,0,0,0,0,0,0,0,0,0,0,0,0,0,0,1.0986122887,0,0,0,0,0,0,0,0,0,0,0,0,0,0,0,0,0,0,0.9985288301,0,0,0,0,0,0,0,0,0,0,0,0,0,0,0,0,0,0,0,0,0,0,0,0,0,1.2397499589,0,0,0,0,0,0,0,0,0,0,0,0,0,0,0,0,0,0,0,0,0,0,0,0,0,0,0,0,0,0,0,0,3.5322256441,0,0,0,0,0,0,0,0,0,0,0,0,0,0,0,0,0,0,0,0,0,0,0,0,0,0,NULL
1888,0,0,0,0,0,0,2.5026062269,0,0,0,0,0,0,0.1656882086,0,0,0,0,0,0,0,0,0,0,0,0,0,0,0,0,0,0,0,0,0,0,0,0,3.295836866,0,0,0,0,0,0,0,0,0,0,0,0,0,0,0,0,0,0,0,0,0,0,0,0,0,0,0,0,0,0,0,0,0,0,0,0,0,0,0,0,0,0,0,0,0.6198749795,0,0,0,0,0,0,0,0,0,0,0,0,0,0,0,0,0,0,0,0,0,0,0,0,0,0,0,0,0,0,0,0,0,0,0,0,0,0,0,0,0,0,0,0,0,0,0,0,0,0,0,0,0,0,0,0,0,0,0,NULL
1889,0,0,0,0,0,0,0,1.0473189943,0,0,0,0,0,0.0946789763,0,1.8835670185,0,0,2.576714199,0,2.7609268816,0,0,0,0,0,0.2438237566,3.17263099,0,0,0,0,0,0,0,0,0,0,0,0,0,2.2326237315,0,0,0,0,0,0,0,0,0,0,0,0,2.2512917986,1.1163118658,0,0,0,0,0,0,1.2915159548,0,1.2498432584,0,0,0,0,0,0,0,0,0,0,0,0,0,0,0,0,0,0,0,0,0,0,0,0,1.1526795099,0,0,0,0,0,0,0,0,0,0,0,0,0,2.0971411188,0,0,0,0,0,0,0,0,0,0,0,0,0,0,0,0,0,0,0,0,0,0,0,0,0,0,0,0,0,0,0,0,0,0,0,0,0,0,0,NULL
2363,0,1.7863366289,0,0,0,0,0,0,0,0,0,0,0,0.2603671849,0,0,0,0,0,0,0,0,0,0,0,0,1.2191187828,0,0,0,0,0,0,0,0,0,0,0,2.1972245773,0,0,0,0,2.8390784635,0,3.4809323497,0,2.0258550706,0,0,0,2.0506211031,0,0,0,1.1163118658,0,0.9985288301,0,0,0,0,2.5830319096,0,2.4996865168,0,0,0,0,0,0,2.0971411188,0,0,0,0,0,0,0,0,0,1.171371643,0,0,0,0,0,0,0,0,0,0,0,0,0,0,0,0,0,0,0,0,0,2.0971411188,0,0,0,0,0,0,0,4.5377852595,2.1624410919,0,0,0,0,0,0,0,1.7579673589,0,0,0,0,0,0,0.6198749795,2.7437682837,0,1.4781019104,2.4592811021,0,0,0,0,0,0,3.1162892361,6.9253506373,0,0,0,NULL
2569,1.2098379238,0,2.576714199,0,0,1.707676352,0,2.0946379886,0,0,1.5040773968,0,0,0.3550461613,0,1.8835670185,0,2.1459312829,0,0,2.7609268816,0,0,0,0,0,0.2438237566,1.586315495,0,0,0,0,1.2915159548,0,0,0.4877032063,0,0,0,0,0,0,0,0,0,0,0,0.6752850235,0,0,0,0,0,0,0,4.4652474631,0,0,0,0,0,0,0,0,0,0,0,0,0,0,0,0,0,0,0,0,0,2.0061693406,1.3574739226,0,0,2.3427432859,0,0,0,0,0,0,0,1.1526795099,0,0,0,0,0,0,0,0,0,0,0,0,0,0,1.8094590463,0,0,0,0,0,0,1.8151141038,0,0,0,0,0,0,0,0,0,0,0,1.7743677265,0,0,0,0,0,0,0,0,0,2.3690748343,0,0,0,0,0,0,0,0,0,NULL
1254,0,1.7863366289,0,0,0,0,0,1.0473189943,0,0,3.0081547936,0,0,0.3550461613,0,1.8835670185,1.9227877316,4.2918625659,0,0,1.3804634408,0,0,1.6153030319,0,0,1.4629425393,4.758946485,0,1.9227877316,0,0,0,3.5322256441,0,0.9754064127,0,0,1.0986122887,0,0,0,0,0,0,1.7404661748,0,0.3376425118,0,0,0,0,0,0,0,1.1163118658,0,2.9955864903,0,0,0,0,3.8745478644,0,2.4996865168,1.1904198379,0,0,0,0,0,0,0,0,0,0,0,0,1.3574739226,0,0,0,0,0.6198749795,0,0,0,3.3499040873,0,0,0,0,0,0,4.7381496685,0,0,0,0,0,0,2.6567569067,0,0,1.8094590463,0,0,0,0,0,0,4.5377852595,2.1624410919,0,0,0,0,2.5026062269,0,0,1.7579673589,0,0,3.548735453,0,0,0,0.6198749795,0,0,1.4781019104,1.2296405511,0,0,0,0,0,0,1.558144618,0,0,0,0,NULL
2662,0,0,0,0,0,3.415352704,0,0,0,0,0,0,0,0.3077066731,0,0,0,0,0,2.0061693406,0,0,0,0,0,0,0.4876475131,0,0,0,0,0,0,0,0,0.9754064127,0,0,0,0,0,0,0,0,0,0,0,1.3505700471,0,0,0,0,0,0,0,0,0,1.9970576602,0,0,0,0,0,0,2.4996865168,0,0,0,0,0,0,0,0,0,0,0,0,0,0,0,0,3.5141149289,0,1.2397499589,0,0,0,3.3499040873,0,0,0,0,0,0,0,0,0,0,0,0,0,0,0,0,0,0,4.4485163759,0,0,0,0,0,0,0,0,0,0,0,0,0,1.7579673589,0,0,0,0,0,0,0,8.2313048511,0,0,0,0,4.7381496685,0,0,0,0,0,0,0,0,0,NULL
1640,0,0,0,0,0,0,0,0,0,0,0,0,0,0.0473394882,0,0,0,0,0,0,0,0,0,0,0,0,0.2438237566,0,0,1.9227877316,0,0,0,0,0,0.9754064127,0,0,0,0,0,0,0,0,0,5.2213985245,0,0.3376425118,0,0,0,0,0,0,0,0,0,1.9970576602,0,0,5.8888779583,0,0,0,0,0,0,0,0,0,0,0,0,0,0,0,0,0,1.3574739226,0,0,0,0,0,0,0,0,0,0,1.1526795099,0,0,0,0,0,0,1.586315495,0,0,0,0,0,0,0,0,0,0,0,0,0,0,0,2.1624410919,0,0,0,0,0,0,0,1.7579673589,0,0,0,0,0,0,0,0,0,0,0,0,0,0,0,0,0,0,0,0,0,0,NULL
2153,1.2098379238,1.7863366289,0,0,0,0,0,0,0,0,0,0,0,0.1656882086,0,0,0,0,0,2.0061693406,0,0,0,0,0,0,0,0,0,0,0,0,0,0,0,0.4877032063,0,0,0,0,0,0,0,0,0,0,0,0.3376425118,0,0,0,0,0,3.0622220148,0,0,0,0.9985288301,0,0,0,0,0,0,0,1.1904198379,0,0,0,0,0,0,0,4.4485163759,0,0,0,0,0,0,0,0,0,0,0,0,0,0,0,0,0,0,0,0,0,0,0,0,0,0,0,0,6.3915068149,2.0971411188,0,0,0,0,0,0,0,0,2.1624410919,0,0,0,0,0,0,2.8390784635,0,0,0,0,3.5322256441,0,0,0,0,0,0,0,0,0,0,0,0,0,0,0,0,0,0,sistemas de información
1898,1.2098379238,1.7863366289,0,10.283327113,0,0,0,1.0473189943,0,0,0,0,0,0.2130276968,0,0,1.9227877316,0,5.1534283981,0,0,0,0,1.6153030319,0,0,0.2438237566,1.586315495,0,0,0,0,0,0,0,0,2.3690748343,0,1.0986122887,0,0,0,0,0,0,0,0,0.6752850235,0,1.9636097262,0,0,0,0,2.2512917986,1.1163118658,0,0.9985288301,4.4485163759,0,0,0,0,1.8835670185,0,1.1904198379,0,0,5.1416635565,2.4336133554,0,0,0,0,0,0,0,0,0,0,0,1.171371643,0,0.6198749795,0,0,0,0,0,0,0,0,0,0,0,0,0,0,0,0,0,0,0,0,0,0,0,0,0,0,0,0,2.1624410919,0,2.3084502124,0,0,0,0,0,2.6369510384,0,5.1416635565,0,0,0,0,0,0,0,0,1.2296405511,0,0,0,0,0,0,1.558144618,2.3084502124,0,0,1.9636097262,sistemas de información
1643,0,0,0,0,0,0,0,0,0,0,0,0,0,0.0710092323,0,0,0,0,0,0,0,0,0,3.2306060638,0,0,0.4876475131,0,0,0,0,0,0,0,0,0.9754064127,0,0,0,0,0,0,0,0,0,0,0,0.3376425118,0,0,0,0,0,0,0,0,0,0,0,0,0,0,0,0,0,0,0,0,0,0,0,0,0,0,0,0,0,0,1.3574739226,0,0,0,0,0,0,0,0,0,0,0,0,0,0,0,0,0,1.586315495,0,0,0,0,0,0,0,0,0,0,0,0,0,0,0,0,0,0,0,0,0,0,0,0,0,0,0,0,1.8094590463,0,0,0,2.1972245773,0,0,0,0,0,0,0,0,1.558144618,0,0,0,0,NULL
1644,0,0,0,0,0,5.1230290561,0,3.1419569828,0,0,1.5040773968,0,0,0.1183487204,0,0,0,0,0,0,0,0,0,0,0,7.7301425971,0.2438237566,0,0,0,0,0,0,0,0,0.4877032063,0,0,0,0,0,0,0,0,0,1.7404661748,2.8390784635,1.3505700471,5.1416635565,0,0,0,0,0,0,0,0,0.9985288301,0,0,0,0,1.2915159548,0,0,4.7616793517,0,4.0430512678,0,0,0,0,0,0,0,0,0,0,0,0,0,0,0,0,0,0,0,0,0,0,0,0,0,0,0,0,0,0,2.3084502124,0,0,0,0,0,0,0,0,0,0,0,0,0,1.081220546,0,0,0,0,0,0,0,1.7579673589,0,0,1.7743677265,0,1.8094590463,0,0,0,0,0,1.2296405511,0,0,0,0,0,0,0,0,0,0,0,sistemas de información
2066,6.0491896189,0,0,0,0,1.707676352,0,1.0473189943,0,0,0,0,0,0.1656882086,0,0,1.9227877316,0,5.1534283981,0,2.7609268816,0,0,0,0,0,0.2438237566,3.17263099,0,0,0,0,1.2915159548,0,3.5322256441,0,0,4.0430512678,0,0,0,6.6978711946,0,0,0,0,0,0,0,1.9636097262,0,0,0,0,2.2512917986,0,0,0.9985288301,4.4485163759,0,0,0,0,1.8835670185,0,4.7616793517,0,0,0,2.4336133554,0,0,0,0,0,0,0,0,0,0,0,0,0,0.6198749795,0,0,0,0,0,1.1526795099,4.8672267108,0,0,0,2.3690748343,0,0,0,0,0,0,0,0,2.0971411188,0,0,0,0,0,2.3084502124,3.7553691954,1.8151141038,0,0,0,0,0,0,0,0,2.6369510384,0,0,0,3.5322256441,0,3.1957534074,2.4794999178,0,0,1.4781019104,0,0,2.3690748343,4.4485163759,0,0,0,3.1162892361,0,0,0,3.9272194523,sistemas de información
2670,0,0,0,0,0,0,0,0,0,0,0,0,0,0.2130276968,0,0,0,0,0,0,0,0,0,0,0,0,0,0,0,0,0,0,0,0,0,0,0,0,0,0,0,0,0,0,0,0,0,0,0,0,0,0,0,0,0,0,0,0.9985288301,0,0,0,0,0,0,0,0,0,0,0,0,0,2.0971411188,0,0,0,0,0,0,0,0,0,0,0,0.6198749795,0,0,0,0,0,0,0,0,0,0,0,0,0,0,0,0,0,0,0,0,0,0,0,0,0,0,0,0,0,0,4.6169004249,0,0,0,0,0,0,0,0,0,0,0,0,0,0,0,0,0,0,0,0,0,0,0,0,0,0,0,0,NULL
2415,0,0.8931683145,0,0,0,0,0,0,0,0,0,0,0,0.0710092323,0,0,0,2.1459312829,0,0,0,0,0,0,0,0,0.2438237566,0,0,0,0,0,0,0,0,0.4877032063,0,0,1.0986122887,0,0,0,0,0,0,0,0,0.3376425118,0,0,0,0,0,0,0,0,0,0,0,0,0,0,0,0,3.7495297752,1.1904198379,0,0,0,0,0,0,0,0,0,0,0,0,0,0,0,0,0,0,0,0,0,0,0,0,0,0,0,0,0,0,1.586315495,0,0,0,0,0,0,0,0,0,0,0,0,0,0,2.7226711557,0,0,0,0,0,0,0,0,0,0,0,0,0,0,0,0.6198749795,0,0,0,2.4592811021,0,0,0,0,0,0,3.1162892361,0,0,0,0,NULL
1904,0,0,0,0,0,0,0,0,0,0,0,0,0,0.1420184645,0,0,0,0,0,0,0,0,0,0,0,0,0,0,0,0,0,0,0,0,0,0,0,0,0,0,0,0,0,0,0,0,0,0,0,0,0,0,0,0,0,0,0,0,0,0,0,0,0,0,0,0,0,0,0,2.4336133554,0,2.0971411188,0,0,0,0,0,0,0,0,0,2.3427432859,0,0.6198749795,0,0,0,0,0,0,0,0,0,0,0,0,0,0,0,0,0,0,0,0,0,0,0,0,0,0,0,0,0,0,0,0,0,0,0,0,0,0,0,0,0,0,0,0,0,0,0,0,0,0,0,0,0,0,0,0,0,0,0,NULL
1137,0,0.8931683145,0,0,0,0,0,0,0,0,0,0,0,0.0710092323,0,0,0,0,0,0,0,0,0,0,0,0,0.2438237566,0,0,0,0,0,0,0,0,0.4877032063,0,0,0,0,0,1.1163118658,0,0,0,0,0,0.6752850235,0,0,0,0,0,0,0,0,0,0,0,0,0,0,0,0,0,1.1904198379,0,4.0430512678,0,0,0,0,0,0,0,0,0,0,0,0,0,0,0,0,0,0,0,0,0,2.3053590199,0,0,0,0,0,0,1.586315495,0,0,0,0,0,0,0,0,0,0,0,0,0,3.7553691954,0.9075570519,0,0,0,0,0,0,0,0,0,0,0,0,0,1.8094590463,0,1.8596249384,0,4.3944491547,1.4781019104,0,0,0,0,0,4.6169004249,0,0,0,0,0,0,NULL
1907,0,0,0,0,0,0,0,0,0,0,0,0,0,0.4970646258,0,0,0,0,0,0,0,0,0,0,7.5078186807,0,0.9752950262,0,0,11.5367263898,0,0,0,0,0,0,2.3690748343,0,0,0,0,0,0,0,0,0,0,1.3505700471,0,0,0,0,0,0,0,0,0,0,0,0,0,0,0,5.6507010554,0,0,0,0,0,0,0,0,0,0,0,0,0,2.0061693406,1.3574739226,0,0,1.171371643,0,0.6198749795,0,0,0,0,0,0,0,0,0,0,0,0,0,0,0,0,0,2.6567569067,0,0,0,0,0,0,0,0,0,0,0,0,0,0,0,0,0,0,0,0,0,0,0,0,0,0,0,0,0,3.6889216532,0,0,0,0,0,0,0,0,0,0,0,NULL
1652,1.2098379238,0.8931683145,0,0,0,0,0,1.0473189943,0,0,0,0,0,0.1420184645,0,1.8835670185,0,0,0,0,0,0,0,1.6153030319,0,0,0.2438237566,0,0,0,0,0,1.2915159548,0,0,0.9754064127,0,0,0,0,0,1.1163118658,0,2.8390784635,0,0,5.678156927,0.3376425118,0,0,0,0,0,0,0,0,0,0.9985288301,0,0,0,0,0,0,1.2498432584,0,0,0,0,0,0,0,0,0,0,0,0,0,4.0724217678,0,2.9444389792,0,0,0.6198749795,0,0,0,0,0,0,2.4336133554,0,0,0,0,0,1.586315495,0,0,0,0,0,0,0,0,0,0,0,4.0430512678,0,0,0.9075570519,1.081220546,2.576714199,0,0,0,0,0,0,0.8789836795,0,0,0,0,0,0,0,0,0,1.4781019104,0,0,0,0,0,0,0,0,0,3.7553691954,0,0,sistemas de información
1982,6.0491896189,3.5726732578,2.576714199,0,0,0,0,1.0473189943,1.9227877316,0,0,0,0,0.4970646258,0,0,0,0,2.576714199,2.0061693406,1.3804634408,0,0,1.6153030319,0,0,0.4876475131,1.586315495,0,0,0,0,1.2915159548,0,0,1.463109619,0,0,0,2.5026062269,0,0,2.576714199,0,0,0,0,1.3505700471,0,0,0,4.1012422063,0,0,0,0,0,0,0,3.3499040873,0,0,0,0,0,0,0,0,0,0,0,0,0,0,0,0,0,0,1.3574739226,0,0,2.3427432859,0,3.0993748973,0,0,3.7553691954,0,0,4.6107180398,0,0,0,0,0,0,0,0,2.3084502124,0,0,0,0,0,0,0,0,0,0,0,0,0,0,0,0,0,0,0,0,0,0,0,0,0,0,0,0,0.6198749795,0,0,0,0,0,0,0,0,2.3084502124,0,1.558144618,0,0,0,0,NULL
2510,0,0.8931683145,0,0,0,0,0,0,0,0,0,0,0,0.0710092323,0,0,0,0,0,0,1.3804634408,0,0,0,0,0,0.4876475131,1.586315495,0,0,0,0,0,0,0,0,0,0,0,0,0,0,0,0,0,0,0,0.3376425118,0,0,0,0,0,0,0,0,0,0,0,0,0,0,0,0,0,0,0,0,0,0,0,0,0,0,0,0,0,0,0,0,0,0,0,1.2397499589,7.7301425971,0,0,0,0,0,0,0,0,0,0,0,0,0,0,0,0,0,0,0,0,0,0,0,0,0,0,0,0,0,0,0,0,0,0,0,0,0,0,0,0,0,0,1.8596249384,0,0,0,0,0,0,0,0,0,0,0,0,0,0,0,NULL
1401,1.2098379238,2.6795049434,0,0,0,8.5383817601,2.5026062269,4.1892759771,0,0,0,0,0,0.3550461613,0,1.8835670185,3.8455754633,0,0,2.0061693406,2.7609268816,0,0,1.6153030319,2.5026062269,0,0.7314712697,1.586315495,0,0,0,0,2.5830319096,0,3.5322256441,2.4385160317,0,0,2.1972245773,0,0,1.1163118658,0,0,0,1.7404661748,0,1.3505700471,0,0,0,0,0,0,0,0,0,0.9985288301,0,0,0,0,3.8745478644,0,0,0,0,0,0,0,0,0,0,0,0,0,0,4.0123386811,2.7149478452,0,0,1.171371643,4.4485163759,2.4794999178,25.7671419904,0,0,0,0,4.6107180398,2.4336133554,0,0,0,0,0,1.586315495,0,0,0,0,0,0,0,0,0,0,0,0,0,0,0,1.081220546,0,0,0,0,0,0,0,0.8789836795,0,0,0,0,1.8094590463,0,2.4794999178,0,0,0,3.6889216532,0,4.7381496685,0,0,0,0,3.1162892361,0,0,0,3.9272194523,sistemas de información
1660,3.6295137713,0,2.576714199,0,0,1.707676352,0,1.0473189943,1.9227877316,0,1.5040773968,0,0,0.4733948817,0,0,0,0,2.576714199,0,5.5218537632,0,0,1.6153030319,0,0,0.9752950262,0,0,0,0,0,1.2915159548,0,0,5.8524384761,0,0,2.1972245773,0,0,6.6978711946,0,2.8390784635,0,1.7404661748,0,2.3634975824,0,1.9636097262,0,4.1012422063,0,0,0,1.1163118658,0,0,0,0,0,0,2.5830319096,0,0,1.1904198379,0,0,0,0,0,0,0,8.8970327519,0,0,0,0,1.3574739226,0,0,1.171371643,4.4485163759,0.6198749795,7.7301425971,0,0,0,0,5.7633975497,2.4336133554,0,0,0,0,5.1416635565,3.17263099,0,2.3084502124,0,0,0,0,0,0,0,0,0,0,2.3084502124,0,1.8151141038,1.081220546,2.576714199,2.3084502124,0,0,0,0,2.8390784635,2.6369510384,0,0,1.7743677265,0,5.428377139,0,1.8596249384,0,2.1972245773,2.9562038207,1.2296405511,0,0,0,0,2.3084502124,8.8970327519,0,0,0,0,0,sistemas de información
2429,0,1.7863366289,0,0,0,0,0,1.0473189943,0,0,0,0,0,0.1893579527,0,0,0,2.1459312829,0,0,0,0,0,0,0,0,0.4876475131,0,0,0,0,0,0,0,0,1.9508128254,0,0,0,0,0,0,0,0,0,0,0,0.3376425118,0,0,0,0,0,0,0,0,0,0.9985288301,0,0,0,0,0,0,2.4996865168,0,0,0,0,0,0,0,0,0,0,0,0,0,0,0,0,0,0,1.2397499589,0,0,0,0,0,0,0,0,0,0,0,0,0,0,0,0,0,0,0,0,1.8094590463,0,0,0,0,0,0,0,2.1624410919,0,0,0,0,0,0,0,0.8789836795,0,0,0,0,1.8094590463,0,1.2397499589,0,0,1.4781019104,0,0,0,0,0,0,0,0,0,0,0,0,NULL
1662,0,0,0,0,0,1.707676352,0,0,1.9227877316,0,1.5040773968,0,0,0.4023856495,0,0,1.9227877316,0,0,4.0123386811,0,0,0,0,0,0,0.4876475131,0,0,0,0,0,0,0,0,0.4877032063,0,0,1.0986122887,0,0,1.1163118658,5.1534283981,0,0,0,0,1.0129275353,0,3.9272194523,0,0,0,0,0,0,0,0,0,0,0,0,0,1.8835670185,2.4996865168,0,0,0,0,0,0,0,0,0,0,0,0,0,0,0,0,1.171371643,0,2.4794999178,0,0,0,0,0,0,0,0,0,0,0,0,0,0,0,0,3.5322256441,0,0,0,1.8094590463,0,0,0,0,0,0,3.6302282076,0,0,0,0,0,0,3.3499040873,0,0,0,0,1.7743677265,0,0,0,2.4794999178,2.7437682837,0,1.4781019104,1.2296405511,0,2.3690748343,0,0,0,0,0,0,0,0,0,NULL
1301,0,0,0,0,0,1.707676352,0,0,0,0,0,0,0,0.2130276968,0,0,0,0,0,0,2.7609268816,0,0,3.2306060638,0,0,0.7314712697,1.586315495,0,0,0,0,0,0,0,0,0,0,0,0,0,1.1163118658,0,0,0,0,0,0.6752850235,0,0,0,0,0,0,0,1.1163118658,0,0,0,0,0,0,0,0,0,1.1904198379,0,0,0,12.168066777,0,0,0,0,0,0,0,0,1.3574739226,0,0,5.8568582148,0,0,15.4602851942,0,0,0,0,0,0,0,0,0,0,0,0,2.0506211031,0,0,0,0,0,2.0971411188,0,0,0,0,0,0,0,0.9075570519,2.1624410919,0,0,0,0,0,0,0,0,0,0,0,0,0,0,0.6198749795,0,0,0,0,0,0,0,0,2.3084502124,0,0,0,0,0,0,sistemas de información
2217,0,0.8931683145,0,0,0,0,0,0,0,0,0,0,0,0.1656882086,0,0,0,0,0,0,0,0,0,0,0,0,0.4876475131,0,0,0,0,0,0,0,0,0.4877032063,0,0,1.0986122887,0,0,0,0,0,0,0,0,0,0,0,0,0,0,0,0,0,0,0,0,0,0,0,0,1.8835670185,0,0,0,0,0,0,0,0,0,0,0,0,0,0,1.3574739226,0,0,0,0,1.2397499589,0,0,0,0,0,0,0,0,0,0,0,0,0,0,0,0,0,0,0,0,0,0,0,0,0,0,0,0,0,0,0,0,0,0,0,0,0.8789836795,0,0,0,0,0,0,1.2397499589,0,0,0,1.2296405511,0,0,0,0,0,0,0,0,0,0,1.9636097262,NULL
1856,0,0,0,0,0,0,0,0,0,0,0,0,0,0.1893579527,0,0,0,0,0,0,0,0,0,0,0,0,0,0,0,0,0,0,0,0,0,0,0,0,0,0,0,0,0,0,0,1.7404661748,0,0,0,0,0,0,0,0,0,0,0,0,0,0,0,0,0,0,0,0,0,0,0,2.4336133554,0,2.0971411188,0,0,0,0,0,0,0,0,0,2.3427432859,0,0.6198749795,0,0,0,0,0,0,0,0,0,0,0,0,0,0,0,0,0,0,0,0,0,0,0,0,0,0,0,0,0,0,0,0,0,0,0,0,0,0,0,0,0,0,0,0,0,0,0,0,3.7553691954,0,0,0,0,0,0,0,0,0,0,NULL
2178,0,0.8931683145,0,0,0,0,0,0,3.8455754633,0,0,0,0,0.1656882086,0,1.8835670185,0,0,2.576714199,0,0,0,0,0,0,0,0,0,0,0,0,0,0,0,0,0,0,0,0,0,0,1.1163118658,0,0,0,1.7404661748,0,1.0129275353,0,0,0,0,0,0,0,0,0,0,0,0,0,0,1.2915159548,0,0,0,0,0,0,0,0,0,0,0,0,0,0,0,1.3574739226,0,0,0,0,0.6198749795,0,0,0,0,0,4.6107180398,0,0,0,0,0,0,0,0,0,0,0,0,0,0,0,0,0,0,0,0,3.7553691954,0.9075570519,0,0,0,0,0,0,0,0,0,0,0,0,0,1.8094590463,0,3.0993748973,0,0,1.4781019104,0,0,0,0,0,0,0,0,0,0,0,0,NULL
2246,0,0,0,0,0,0,0,0,0,0,1.5040773968,0,0,0.1183487204,0,0,0,0,0,0,0,0,0,0,0,0,0.2438237566,0,0,0,0,0,0,0,0,0,0,0,0,0,0,0,0,0,0,0,0,0.3376425118,0,0,0,0,0,0,0,0,0,0,0,0,0,0,0,0,1.2498432584,0,0,0,0,0,0,2.0971411188,0,0,0,0,0,0,0,0,0,2.3427432859,0,0.6198749795,0,0,0,0,0,0,0,0,0,0,0,0,0,0,2.3084502124,0,0,0,0,0,0,0,0,0,0,0,0,0,1.081220546,0,0,0,0,0,0,0,0,0,0,0,0,0,0,0,0,0,0,0,0,2.3690748343,0,0,0,0,0,0,0,0,0,NULL
1924,2.4196758476,0.8931683145,0,0,0,1.707676352,0,1.0473189943,0,0,0,0,0,0.1656882086,0,0,0,0,0,0,1.3804634408,0,0,0,2.5026062269,0,0.7314712697,0,0,0,0,0,0,0,0,0.9754064127,0,0,0,0,0,2.2326237315,0,0,0,0,0,0,0,0,0,0,0,0,0,0,0,0,0,0,0,0,0,1.8835670185,0,0,0,0,0,0,0,0,0,0,0,0,0,0,0,0,0,0,0,2.4794999178,5.1534283981,0,0,0,0,0,0,0,0,0,0,0,0,0,0,0,0,0,0,0,0,0,0,0,0,0,0,0,0,0,0,0,0,0,0,0,0,0,0,0,0,0,0,1.2397499589,0,0,0,1.2296405511,0,4.7381496685,0,0,0,0,0,0,0,0,0,sistemas de información
1651,1.2098379238,0,0,0,0,1.707676352,0,0,0,0,4.5122321903,0,0,0.1183487204,0,0,0,0,0,0,0,0,0,0,0,0,0,0,0,0,0,0,1.2915159548,0,0,0,0,0,1.0986122887,0,0,0,0,0,0,1.7404661748,0,1.0129275353,0,0,0,2.0506211031,0,0,0,0,0,0.9985288301,0,0,0,0,0,0,0,0,0,0,0,0,0,2.0971411188,0,0,0,0,0,0,0,0,0,1.171371643,0,0,0,0,0,0,0,1.1526795099,2.4336133554,0,0,0,0,0,0,0,0,0,0,0,0,0,0,0,0,0,0,0,0,2.7226711557,2.1624410919,0,0,0,0,0,0,0,0.8789836795,0,0,1.7743677265,0,0,0,0.6198749795,0,0,0,0,0,0,0,0,0,0,1.558144618,0,0,0,0,NULL
1927,1.2098379238,0.8931683145,0,0,0,0,0,1.0473189943,0,0,0,0,0,0.3550461613,0,0,0,2.1459312829,0,0,0,0,0,0,0,0,0,0,0,0,0,0,0,0,0,0.9754064127,0,0,0,0,0,1.1163118658,0,0,0,0,0,0.6752850235,0,0,0,0,0,0,0,0,0,0.9985288301,0,0,0,0,0,0,1.2498432584,0,0,0,0,2.4336133554,0,0,0,0,0,0,0,4.0123386811,1.3574739226,0,0,3.5141149289,0,1.2397499589,0,0,0,0,4.4485163759,0,0,0,0,0,4.7381496685,0,0,0,0,0,0,0,0,0,1.8094590463,0,0,0,0,0,0,0.9075570519,2.1624410919,0,2.3084502124,0,0,0,0,0,1.7579673589,0,0,1.7743677265,0,1.8094590463,3.1957534074,2.4794999178,0,0,1.4781019104,0,0,0,0,0,0,0,0,2.3084502124,0,5.678156927,1.9636097262,sistemas de información
2185,0,0,0,0,0,0,0,0,0,0,0,0,0,0.1420184645,0,0,0,0,0,0,0,0,0,0,0,0,0,0,0,0,0,0,0,0,0,0,0,0,1.0986122887,0,0,0,0,0,0,0,0,0,0,0,0,0,0,0,0,0,0,1.9970576602,0,0,0,0,0,0,0,0,0,0,0,0,0,0,0,0,0,0,0,0,0,0,0,0,0,0.6198749795,0,0,0,0,0,0,0,0,0,0,0,0,0,0,0,0,0,0,0,0,0,0,0,0,0,0,0,0,0,0,2.3084502124,0,0,0,0,0,0,0,0,0,0,0,0,0,0,0,0,0,0,0,0,0,0,0,0,0,0,0,0,NULL
1931,0,0,0,0,0,0,0,0,1.9227877316,0,0,0,0,0.0473394882,0,0,0,0,2.576714199,0,0,0,0,0,0,0,0.2438237566,0,0,1.9227877316,5.1416635565,0,1.2915159548,0,0,0.4877032063,0,0,0,0,0,5.5815593288,0,0,0,0,0,0.3376425118,0,5.8908291785,0,0,4.4485163759,0,2.2512917986,0,0,0,0,0,0,0,1.2915159548,0,0,1.1904198379,0,0,0,0,0,0,0,0,0,0,0,0,0,0,0,0,0,0,0,0,0,3.3499040873,0,0,0,0,0,0,0,0,0,0,0,0,0,0,0,0,0,0,0,0,0,0,0,0,0,0,0,0,0,0,0,0,0,0,0,0,0,0,0,0,0,2.1972245773,0,0,0,0,0,0,0,0,0,0,0,0,1.9636097262,sistemas de información
1677,3.6295137713,0.8931683145,0,0,0,0,0,2.0946379886,0,0,0,0,0,0.1420184645,0,0,0,0,2.576714199,0,1.3804634408,0,0,0,0,0,0.2438237566,0,0,0,0,0,1.2915159548,0,0,0.4877032063,0,0,1.0986122887,0,0,0,0,0,0,0,0,0.3376425118,0,0,0,2.0506211031,0,0,2.2512917986,0,0,0.9985288301,0,0,0,0,0,0,0,4.7616793517,0,0,0,0,0,0,0,0,0,0,0,0,0,0,0,1.171371643,0,0.6198749795,0,0,0,0,0,2.3053590199,0,0,0,0,2.3690748343,0,0,0,0,0,0,0,0,2.0971411188,0,0,0,0,0,0,0,0.9075570519,1.081220546,0,0,0,0,0,0,0,0.8789836795,0,0,0,0,0,0,0,0,0,0,0,0,0,0,0,0,0,1.558144618,0,0,0,0,sistemas de información
1934,0,0.8931683145,0,0,0,3.415352704,0,1.0473189943,0,0,0,0,0,0.0710092323,0,0,0,0,0,2.0061693406,0,0,0,0,0,0,0.2438237566,0,0,0,0,0,0,0,0,0,0,0,0,0,0,0,0,0,0,0,0,0.3376425118,0,0,0,0,0,0,0,0,0,0,0,0,0,0,0,0,0,0,0,0,0,0,0,0,0,0,0,0,0,0,1.3574739226,0,0,1.171371643,0,0,0,0,0,0,0,0,0,0,0,0,0,0,3.17263099,0,0,0,0,0,0,0,0,0,0,0,0,0,0,1.8151141038,2.1624410919,0,0,0,0,0,0,0,0,0,0,1.7743677265,0,0,0,0,0,0,0,2.4592811021,0,0,0,0,0,0,0,0,0,0,3.9272194523,NULL
2157,0,0.8931683145,0,0,0,0,0,1.0473189943,0,0,0,0,0,0.1893579527,0,0,0,2.1459312829,0,0,0,0,0,0,0,0,0.9752950262,0,0,0,0,0,0,0,0,1.463109619,0,0,0,0,0,0,0,0,0,0,0,0.3376425118,0,0,0,0,0,0,0,0,0,0.9985288301,0,0,0,0,0,0,1.2498432584,0,0,0,0,0,0,0,0,0,0,0,0,0,0,0,0,0,0,1.8596249384,0,0,0,0,0,0,0,0,0,0,0,0,0,2.0506211031,0,0,0,0,0,0,1.8094590463,0,0,0,0,0,0,0,2.1624410919,0,0,0,0,0,0,0,0.8789836795,0,0,0,0,1.8094590463,0,1.2397499589,0,0,1.4781019104,0,0,0,0,0,0,0,0,0,0,0,0,NULL
1681,0,0,2.576714199,0,0,0,0,0,0,0,0,0,0,0.0946789763,0,1.8835670185,0,0,0,0,0,0,0,0,0,0,0.4876475131,0,0,0,0,0,1.2915159548,0,0,0.9754064127,0,0,0,0,0,1.1163118658,0,0,17.6611282203,0,0,0,0,3.9272194523,0,0,0,0,0,0,0,0.9985288301,0,0,0,0,0,0,0,0,0,0,0,0,0,0,0,0,0,0,0,0,0,0,0,2.3427432859,0,0.6198749795,0,0,0,0,0,0,0,0,0,0,0,0,0,0,0,0,0,2.6567569067,0,0,0,0,0,4.4485163759,0,0,0,0,0,0,0,0,0,0,0,2.8390784635,0.8789836795,0,0,1.7743677265,0,0,0,0.6198749795,0,2.1972245773,0,0,0,0,0,0,0,0,0,0,0,0,0,NULL
1939,0,0,2.576714199,0,0,0,0,1.0473189943,1.9227877316,0,0,0,0,0.1183487204,0,0,0,0,0,0,2.7609268816,0,0,3.2306060638,0,2.576714199,0.7314712697,0,0,0,0,0,0,0,0,4.3893288571,0,0,0,2.5026062269,0,1.1163118658,0,5.678156927,0,0,0,0,0,0,0,0,0,0,0,0,0,0,0,0,0,0,0,0,3.7495297752,1.1904198379,0,0,0,0,0,0,0,0,0,0,0,0,0,0,0,0,0,0,0,0,0,0,0,1.1526795099,0,0,0,0,0,0,1.586315495,0,0,0,0,0,0,0,0,0,0,0,0,2.3084502124,0,0.9075570519,0,0,0,0,0,0,0,0,1.7579673589,0,0,3.548735453,0,3.6189180927,0,0,0,0,0,1.2296405511,0,0,0,0,2.3084502124,0,0,0,0,0,0,NULL
1685,2.4196758476,0,0,0,0,0,0,3.1419569828,1.9227877316,0,3.0081547936,0,0,0.1656882086,0,0,0,0,0,2.0061693406,1.3804634408,0,0,0,0,2.576714199,0.7314712697,0,0,0,0,2.576714199,0,0,0,1.9508128254,0,0,0,0,0,0,0,0,0,3.4809323497,0,0,0,1.9636097262,0,2.0506211031,0,0,0,3.3489355973,0,0,0,0,0,0,3.8745478644,0,2.4996865168,1.1904198379,0,0,0,0,0,0,0,0,0,0,0,0,0,0,2.9444389792,1.171371643,0,1.8596249384,0,0,0,0,0,2.3053590199,0,0,0,0,0,0,0,2.0506211031,0,0,0,0,0,2.0971411188,0,0,0,0,0,0,0,1.8151141038,0,0,0,0,0,5.0052124538,0,0,0.8789836795,0,0,8.8718386326,0,0,0,2.4794999178,0,0,2.9562038207,2.4592811021,0,0,0,0,2.3084502124,0,1.558144618,2.3084502124,0,0,0,NULL
1688,1.2098379238,0,0,0,0,0,0,0,0,0,6.0163095871,0,0,0.1420184645,0,0,0,0,0,2.0061693406,1.3804634408,0,0,0,0,0,0.9752950262,0,0,0,0,0,0,0,0,0.4877032063,0,0,2.1972245773,0,0,0,0,0,0,3.4809323497,0,0.3376425118,0,0,0,0,0,0,0,3.3489355973,0,0,0,0,0,0,3.8745478644,0,1.2498432584,1.1904198379,0,0,0,0,0,0,0,0,0,0,0,0,0,0,2.9444389792,0,0,1.2397499589,0,0,0,0,0,1.1526795099,0,0,0,0,0,0,0,0,0,0,0,0,0,2.0971411188,0,0,0,0,0,0,0,3.6302282076,0,0,0,0,0,0,0,0,0.8789836795,0,0,3.548735453,0,0,0,2.4794999178,0,0,0,0,0,0,0,0,2.3084502124,0,1.558144618,2.3084502124,0,0,0,NULL
2403,0,0,0,0,0,0,0,0,0,0,0,0,0,0.0236697441,0,0,3.8455754633,0,0,0,0,0,0,0,0,0,0.2438237566,0,0,0,0,0,0,0,0,0,0,0,0,0,0,0,0,0,0,0,0,0,0,1.9636097262,0,0,0,0,0,0,0,0,0,0,0,0,0,0,0,0,0,0,0,0,0,0,0,0,0,0,0,0,0,0,0,0,0,0,0,0,0,0,0,1.1526795099,0,0,0,0,0,0,0,0,0,0,0,0,0,0,0,0,0,0,0,0,0,0,0,0,0,0,0,0,0,0,0,0,0,0,0,0,0,0.6198749795,0,0,0,0,0,0,0,0,0,0,0,0,0,0,0,NULL
2432,0,0,0,0,0,0,0,1.0473189943,0,0,0,0,0,0.1420184645,0,0,0,0,0,0,0,0,0,0,0,0,1.2191187828,0,0,0,0,0,0,0,0,0,0,4.0430512678,0,0,0,1.1163118658,0,0,0,0,2.8390784635,1.0129275353,0,0,0,0,0,0,0,0,0,1.9970576602,0,0,0,0,2.5830319096,0,1.2498432584,1.1904198379,0,0,0,2.4336133554,4.4485163759,6.2914233563,0,0,0,0,0,2.0061693406,0,0,0,0,0,0.6198749795,0,0,0,3.3499040873,0,0,0,0,0,0,0,0,0,0,0,0,0,0,0,0,0,0,0,0,0,0,0,0.9075570519,7.5685438217,0,0,0,3.5322256441,0,0,0,1.7579673589,0,0,0,0,0,3.1957534074,0,0,0,0,1.2296405511,0,0,0,0,0,0,0,0,0,2.8390784635,0,sistemas de información
1438,0,0,0,0,0,0,0,0,0,0,0,0,0,0.0473394882,0,0,0,0,0,0,0,0,0,0,0,0,0.2438237566,0,0,0,0,0,0,0,0,0,0,0,0,0,0,0,0,0,0,0,0,0.3376425118,0,0,0,0,0,0,0,0,0,0,0,0,0,0,0,0,0,0,0,0,0,0,0,0,0,0,0,0,0,0,0,0,0,1.171371643,0,0,0,0,0,0,0,0,0,0,0,0,0,0,0,0,0,0,0,0,0,0,0,0,0,0,0,0,0,0.9075570519,0,0,0,0,0,0,0,0,0,0,0,0,0,0,0,0,0,0,0,0,0,0,0,0,0,0,0,0,0,0,0,NULL
1952,0,0.8931683145,0,0,4.4485163759,0,0,0,0,0,0,0,0,0.0946789763,0,1.8835670185,1.9227877316,0,0,0,1.3804634408,0,0,0,0,0,0.2438237566,1.586315495,0,0,0,0,0,0,0,0,0,0,1.0986122887,2.5026062269,0,6.6978711946,2.576714199,0,0,0,2.8390784635,0.3376425118,0,9.8180486308,0,0,0,0,0,2.2326237315,0,0,0,0,0,0,1.2915159548,0,2.4996865168,1.1904198379,0,0,0,0,0,0,0,0,4.4485163759,0,0,0,0,0,0,1.171371643,0,0,0,0,0,0,0,1.1526795099,0,0,0,0,2.3690748343,0,1.586315495,0,2.3084502124,0,0,0,0,0,0,0,0,0,0,0,0,0,0,0,0,0,0,0,0,0,0,0,0,0,0,0,0,3.0993748973,0,0,0,0,0,0,0,0,2.3084502124,0,0,2.3084502124,0,0,0,NULL
2211,0,1.7863366289,5.1534283981,0,0,0,0,0,0,0,1.5040773968,0,0,0.5680738581,0,1.8835670185,0,0,0,0,0,0,0,0,0,0,2.4382375655,0,0,1.9227877316,0,0,1.2915159548,0,0,1.463109619,0,0,1.0986122887,2.5026062269,0,0,2.576714199,0,0,0,0,0.3376425118,0,0,0,2.0506211031,0,0,4.5025835972,2.2326237315,0,0,0,0,0,0,2.5830319096,3.767134037,2.4996865168,0,0,0,0,0,0,0,0,0,0,0,0,4.0123386811,0,0,0,0,0,3.0993748973,0,0,0,0,0,0,2.4336133554,0,0,0,0,0,0,0,2.3084502124,0,0,0,3.1957534074,0,0,0,0,0,0,0,0,0,0,0,0,0,0,0,0,0,0,0,0,0,0,5.428377139,0,0,0,4.3944491547,1.4781019104,3.6889216532,0,0,0,0,0,0,0,4.6169004249,0,2.8390784635,1.9636097262,NULL
2512,0,1.7863366289,0,0,0,0,0,2.0946379886,0,0,0,0,0,0.8757805312,0,0,0,0,0,2.0061693406,0,0,0,0,0,0,0.2438237566,0,0,1.9227877316,0,0,0,0,0,3.9016256508,0,0,0,2.5026062269,0,0,2.576714199,0,0,0,0,3.0387826059,0,0,0,0,0,0,4.5025835972,1.1163118658,0,0,0,0,0,0,1.2915159548,0,0,0,0,0,0,0,0,0,0,0,0,0,0,0,1.3574739226,0,0,1.171371643,0,3.0993748973,0,0,3.7553691954,0,0,5.7633975497,0,0,0,0,0,0,0,0,0,0,0,0,0,0,3.6189180927,0,0,0,0,0,3.7553691954,0,0,0,0,0,0,0,0,0,2.6369510384,0,0,0,0,0,0,0,0,0,0,1.2296405511,0,0,0,0,0,0,0,2.3084502124,0,0,0,NULL
1957,0,0,0,0,0,0,0,0,0,0,0,0,0,0.1420184645,0,0,1.9227877316,0,0,0,0,0,0,0,0,0,0.4876475131,0,0,0,0,0,0,0,0,0,0,0,1.0986122887,0,0,0,0,0,0,3.4809323497,0,0,0,0,0,0,0,3.0622220148,0,0,0,0,0,0,0,0,1.2915159548,0,0,0,0,0,0,0,0,2.0971411188,0,0,0,0,0,0,0,0,0,0,0,0.6198749795,0,0,0,0,0,0,0,0,0,0,0,0,0,2.0506211031,0,0,0,0,0,0,0,0,0,0,0,0,0,0.9075570519,0,0,0,0,0,0,3.3499040873,0,0,0,0,0,0,0,0,0,0,0,0,0,0,0,0,0,0,0,0,0,0,0,0,sistemas de información
2214,0,0.8931683145,0,0,0,0,0,0,0,0,3.0081547936,0,0,0.0946789763,0,0,0,0,0,0,0,0,0,0,0,0,0.2438237566,0,0,0,0,0,0,0,0,0,0,0,0,0,0,0,0,0,0,5.2213985245,0,1.0129275353,0,0,0,2.0506211031,0,0,2.2512917986,1.1163118658,0,4.9926441506,0,0,5.8888779583,0,0,0,0,0,0,0,0,0,0,0,0,0,0,0,0,0,0,0,0,0,0,0,0,0,0,0,0,0,0,0,0,0,0,0,0,0,0,0,0,0,0,0,0,0,0,0,0,0,0,0,2.1624410919,0,0,0,0,0,0,0,4.3949183973,0,0,0,0,0,0,0,0,0,0,0,0,0,0,0,0,0,0,0,0,0,0,NULL
1959,2.4196758476,0,2.576714199,0,0,0,2.5026062269,0,1.9227877316,0,0,0,0,0.3787159054,0,0,0,0,0,2.0061693406,1.3804634408,0,0,0,0,0,1.7067662959,0,0,0,0,2.576714199,0,0,0,0.4877032063,2.3690748343,0,4.3944491547,0,0,0,0,0,0,0,0,1.3505700471,0,1.9636097262,0,2.0506211031,0,0,0,4.4652474631,0,0,0,0,0,0,2.5830319096,0,0,0,0,0,0,0,0,0,0,0,0,0,0,0,0,0,0,2.3427432859,0,1.8596249384,0,0,0,0,0,4.6107180398,0,0,0,0,2.3690748343,0,0,2.0506211031,0,0,0,5.3135138134,0,0,0,0,0,0,0,0,0,5.4453423114,0,0,0,0,0,5.0052124538,0,0,0,0,0,0,0,0,0,6.818624774,0,0,1.4781019104,1.2296405511,0,0,0,0,0,0,1.558144618,0,0,0,0,NULL
1820,0,0,0,0,0,0,0,0,0,0,0,0,0,0.1420184645,0,0,0,0,0,0,2.7609268816,0,0,0,0,0,0,1.586315495,0,0,0,0,0,0,0,0,0,0,0,0,0,0,0,0,0,0,0,0,0,0,0,0,0,0,0,0,0,0,0,0,0,0,0,0,0,1.1904198379,0,0,0,0,0,0,0,0,0,0,0,2.0061693406,0,0,0,0,0,0,0,0,0,0,0,0,0,0,0,0,2.3690748343,0,0,0,0,0,0,0,0,0,0,0,0,0,0,0,0,1.8151141038,0,0,0,0,0,0,0,0,0,0,0,0,0,0,0,3.0993748973,0,0,0,0,0,0,0,0,0,0,1.558144618,0,0,0,0,NULL
2218,0,0,0,0,0,0,0,1.0473189943,0,0,1.5040773968,0,0,0.0710092323,0,0,0,0,0,2.0061693406,0,0,0,0,0,0,0.4876475131,0,0,0,0,0,1.2915159548,0,0,0.4877032063,0,0,0,0,0,0,0,0,0,0,0,0.6752850235,0,0,0,0,0,0,0,0,0,0,0,0,0,0,0,0,0,2.3808396758,0,0,0,0,0,0,0,0,0,0,0,0,0,0,0,0,0,0.6198749795,0,0,0,0,0,2.3053590199,0,0,0,0,0,0,0,0,0,0,0,0,0,0,0,0,0,0,0,0,0,3.6302282076,0,0,0,0,0,0,0,0,0,0,0,1.7743677265,0,0,0,0,0,0,0,1.2296405511,0,0,0,0,0,0,0,0,0,0,0,NULL
2219,0,0,0,0,0,0,0,0,0,0,3.0081547936,0,0,0.0710092323,0,0,0,0,0,2.0061693406,1.3804634408,0,0,0,0,0,0.4876475131,0,0,0,0,0,1.2915159548,0,0,0.4877032063,0,0,0,0,0,0,0,0,0,0,0,0.6752850235,0,0,0,0,0,0,0,0,0,0,0,0,0,0,0,0,0,1.1904198379,0,0,0,0,0,0,0,0,0,0,0,0,0,0,0,0,0,0.6198749795,0,0,0,0,0,2.3053590199,0,0,0,0,0,0,0,0,0,0,0,0,0,0,0,0,0,0,0,0,0,2.7226711557,0,0,0,0,0,0,0,0,0,0,0,1.7743677265,0,0,0,0.6198749795,0,0,0,0,0,0,0,0,0,0,0,0,0,0,0,NULL
1197,0,0,0,0,0,0,0,0,0,0,0,0,0,0.1183487204,0,0,0,0,0,0,0,0,0,0,0,0,0.4876475131,0,0,0,0,0,0,0,0,0,0,0,0,0,0,0,0,0,0,0,0,0,0,0,0,0,0,0,0,0,0,0.9985288301,0,0,0,0,1.2915159548,0,0,0,0,0,0,0,0,0,0,0,0,0,0,0,1.3574739226,0,0,0,0,0,0,0,0,0,0,0,0,0,0,0,0,0,0,0,0,0,0,0,0,0,0,0,0,0,0,0,0,2.7226711557,0,0,2.3084502124,0,0,0,0,2.8390784635,0,0,0,0,0,0,0,0,0,0,0,0,0,0,0,0,0,0,0,0,0,0,0,NULL
2333,0,0.8931683145,0,0,0,0,0,0,0,0,0,0,0,0.1656882086,0,0,0,0,0,0,0,0,0,0,0,0,0.7314712697,0,0,0,0,0,0,0,0,0.4877032063,0,0,1.0986122887,0,0,2.2326237315,0,0,0,0,0,0.6752850235,0,0,0,0,0,0,0,1.1163118658,0,0,0,0,0,0,0,0,0,0,0,0,0,0,0,0,0,0,0,0,0,0,0,0,0,0,0,0,0,0,0,0,0,0,0,0,0,0,0,0,0,0,0,0,0,0,0,0,0,0,0,0,0,0,0,0,0,0,0,0,3.5322256441,0,0,0,0,0,0,0,0,0,0,1.2397499589,0,0,0,0,0,0,0,0,0,0,0,0,0,0,0,NULL
2725,0,2.6795049434,0,0,0,0,2.5026062269,0,0,0,0,0,0,0.3313764172,0,0,1.9227877316,0,0,0,0,0,0,0,0,0,0.2438237566,1.586315495,0,0,0,5.1534283981,1.2915159548,0,0,0.4877032063,2.3690748343,0,0,0,0,0,0,0,0,3.4809323497,0,0.6752850235,0,0,0,0,0,0,0,1.1163118658,0,0.9985288301,0,0,0,0,2.5830319096,0,0,0,0,0,0,0,0,2.0971411188,0,0,0,4.4485163759,0,0,0,0,0,0,0,0.6198749795,0,0,0,0,0,0,0,0,0,0,0,0,0,4.1012422063,0,0,0,0,0,0,0,0,0,0,0,0,0,0,1.081220546,0,0,0,0,0,0,0,1.7579673589,0,0,0,0,0,0,0,0,0,0,0,0,0,0,0,0,0,0,0,0,0,0,sistemas de información
1203,0,0,0,0,0,0,0,1.0473189943,0,0,1.5040773968,0,0,0.0710092323,0,0,0,0,0,0,0,0,0,1.6153030319,0,0,0.2438237566,0,0,0,0,0,0,0,0,0.4877032063,0,0,0,0,0,0,0,0,0,0,0,0.3376425118,0,0,0,0,0,0,0,0,0,0,0,0,0,0,0,0,0,0,0,0,0,0,0,2.0971411188,0,0,0,0,0,2.0061693406,0,0,0,1.171371643,0,0,0,0,0,0,0,0,0,0,0,0,0,0,3.17263099,0,0,0,0,7.9702707201,0,0,1.8094590463,0,0,0,0,0,0,0,1.081220546,0,0,0,3.5322256441,0,0,0,0,0,0,0,0,0,0,1.2397499589,0,2.1972245773,0,0,0,0,0,0,0,0,0,0,0,0,0,sistemas de información
1972,0,0,0,0,0,0,0,0,0,0,0,0,0,0.0946789763,0,0,0,0,0,0,0,0,0,0,0,0,0.2438237566,0,0,7.6911509265,0,0,0,0,0,0.4877032063,0,0,0,0,0,0,0,0,0,0,0,0,0,0,0,0,0,0,4.5025835972,0,0,0,0,0,2.9444389792,0,0,0,0,0,0,0,0,0,0,0,0,0,0,0,0,0,0,0,0,1.171371643,0,0,0,0,0,0,0,0,0,0,0,0,0,0,0,0,0,0,0,0,0,0,0,0,0,0,0,0,0,0.9075570519,0,0,0,0,0,0,0,0,0,0,0,0,0,0,0,0.6198749795,0,0,0,0,0,0,0,0,0,0,0,0,0,0,0,NULL
2229,0,1.7863366289,0,0,0,0,0,1.0473189943,0,0,0,0,0,0.2603671849,0,0,0,2.1459312829,0,0,0,0,0,0,0,0,0.7314712697,0,0,0,0,0,0,0,0,1.463109619,0,0,0,0,0,0,0,0,0,0,0,0.3376425118,0,0,0,0,0,0,0,0,0,0.9985288301,0,0,0,0,0,0,1.2498432584,0,0,0,0,0,0,0,0,0,0,0,0,0,0,0,0,0,0,1.2397499589,0,0,0,0,0,0,0,0,0,0,0,0,0,0,0,0,0,0,0,0,1.8094590463,0,0,0,0,0,0,0,2.1624410919,0,0,0,0,0,0,0,0.8789836795,0,0,0,0,1.8094590463,0,1.2397499589,0,0,1.4781019104,0,0,0,0,0,0,0,0,0,0,0,0,NULL
1718,1.2098379238,0,0,0,0,0,0,0,0,0,0,0,0,0.0710092323,0,1.8835670185,0,0,0,0,0,0,0,0,0,0,0.2438237566,0,0,0,0,0,0,0,0,0,0,0,1.0986122887,0,0,0,0,0,0,0,0,0.3376425118,0,0,0,0,0,0,0,0,0,0,0,0,2.9444389792,0,0,0,0,0,0,0,0,0,0,0,0,0,0,0,0,0,0,0,0,0,0,0,0,0,0,0,0,2.3053590199,0,0,0,0,0,0,1.586315495,0,0,0,0,0,0,0,1.8094590463,0,0,0,0,0,0,0.9075570519,0,0,0,0,0,0,0,0,0,0,0,0,0,0,0,3.7192498767,0,0,0,0,0,0,0,0,0,0,0,0,0,0,1.9636097262,NULL
1207,0,1.7863366289,0,0,0,0,0,0,0,0,0,0,0,0.0473394882,0,0,1.9227877316,0,0,0,0,0,0,1.6153030319,0,0,0,0,0,0,0,0,0,0,0,0,0,0,0,0,0,1.1163118658,0,0,0,0,0,0.6752850235,0,0,0,0,0,0,0,0,0,0,0,0,0,0,1.2915159548,0,0,0,0,0,0,0,0,0,0,0,0,0,0,0,0,0,0,0,0,0,0,0,0,0,0,0,0,0,0,0,0,0,1.586315495,0,0,0,0,0,0,0,0,0,0,0,0,0,0,0,1.081220546,0,0,0,0,0,0,8.5172353905,0,0,0,0,0,0,0,0.6198749795,0,0,0,0,0,0,0,0,0,0,0,0,0,0,0,NULL
2232,1.2098379238,0,0,0,0,3.415352704,0,1.0473189943,0,0,0,0,0,0.1183487204,0,0,0,0,0,0,0,0,0,0,0,0,0.2438237566,1.586315495,0,0,0,0,0,0,0,0,0,0,0,0,0,1.1163118658,0,0,0,0,0,0.6752850235,0,0,0,0,0,0,0,0,0,0,0,0,0,0,0,0,0,2.3808396758,0,0,0,0,0,0,0,0,0,0,0,0,0,0,0,0,0,1.2397499589,0,0,0,0,0,0,0,0,0,0,2.3690748343,0,3.17263099,0,0,0,0,0,0,0,0,0,0,4.4485163759,0,2.3084502124,0,0,2.1624410919,0,0,0,0,0,0,0,0.8789836795,0,0,0,0,0,0,0.6198749795,0,0,0,0,0,0,0,0,0,0,0,2.3084502124,0,0,0,sistemas de información
1721,0,0,0,0,0,1.707676352,0,0,0,0,0,0,0,0.1183487204,0,0,0,0,0,0,0,0,0,0,0,0,0.2438237566,0,0,0,0,0,0,3.5322256441,0,0.9754064127,0,0,1.0986122887,0,0,1.1163118658,0,0,0,1.7404661748,0,0.3376425118,0,0,0,0,0,0,0,0,0,0.9985288301,0,0,0,0,0,3.767134037,0,1.1904198379,0,0,0,0,0,0,0,0,0,0,0,0,0,0,0,0,0,0.6198749795,0,0,0,0,0,1.1526795099,0,0,0,0,0,0,1.586315495,0,0,0,0,0,0,2.0971411188,1.8094590463,0,0,0,0,0,0,0,1.081220546,0,0,0,0,0,0,0,0.8789836795,0,0,3.548735453,0,0,0,0,0,0,1.4781019104,0,0,0,0,0,2.3084502124,0,0,0,0,0,0,NULL
2110,0,0,0,0,0,0,0,1.0473189943,0,0,0,0,0,0.3787159054,0,0,0,0,0,0,0,0,0,1.6153030319,0,0,0,0,0,3.8455754633,0,0,0,0,0,0,0,0,0,0,0,0,0,0,0,0,0,1.6882125588,0,0,0,0,0,0,0,2.2326237315,0,0,0,0,0,0,0,0,0,0,0,0,0,0,0,2.0971411188,0,0,0,0,0,0,0,0,0,0,0,0.6198749795,0,0,0,0,0,2.3053590199,0,0,0,0,0,0,0,0,0,0,0,0,0,0,0,0,0,0,0,0,0,0,0,0,0,0,0,0,0,0,0,0,0,0,0,0,0,0,0,0,0,0,0,0,0,0,0,0,0,0,0,0,0,NULL
2491,0,0,0,0,0,0,0,0,0,0,1.5040773968,0,0,0.1183487204,0,3.767134037,0,0,0,0,0,0,0,0,0,0,0.7314712697,0,0,0,0,0,0,0,0,0.4877032063,0,0,2.1972245773,0,0,0,0,0,0,0,0,0.6752850235,0,0,0,0,0,0,0,0,0,0,0,0,0,0,0,0,1.2498432584,1.1904198379,0,0,0,0,0,0,0,0,0,0,0,0,0,0,0,0,0,0.6198749795,0,0,0,0,0,1.1526795099,0,0,0,0,0,0,0,0,0,0,0,0,0,0,0,0,0,0,0,0,0,0.9075570519,0,0,0,0,0,0,0,0,0,0,0,0,0,0,0,3.0993748973,0,0,0,0,0,0,0,0,0,0,0,0,0,0,0,NULL
2493,1.2098379238,1.7863366289,0,0,0,5.1230290561,0,1.0473189943,0,0,0,0,0,0.1183487204,0,1.8835670185,0,2.1459312829,0,0,0,0,0,1.6153030319,0,0,0.7314712697,0,0,0,0,0,0,0,0,0.9754064127,0,0,0,0,0,0,0,0,0,0,0,0,0,0,0,0,0,0,0,0,0,0,0,0,0,0,0,0,2.4996865168,1.1904198379,0,0,0,0,0,0,0,0,0,0,0,0,1.3574739226,0,0,0,0,0,0,0,0,0,0,1.1526795099,0,0,0,0,0,0,0,0,0,0,0,0,0,0,0,0,0,0,0,2.3084502124,0,0,0,0,0,0,0,0,0,0,0,0,0,0,0,1.8094590463,0,1.2397499589,2.7437682837,0,1.4781019104,0,0,0,0,0,0,0,0,0,0,0,0,sistemas de información
1470,3.6295137713,0.8931683145,0,0,0,0,0,2.0946379886,0,0,0,0,0,0.2130276968,0,1.8835670185,0,0,2.576714199,0,0,0,0,0,0,0,0,0,0,0,0,0,1.2915159548,0,0,0.4877032063,0,0,0,2.5026062269,0,0,0,0,0,0,0,0.6752850235,0,0,0,0,0,0,0,0,0,0.9985288301,0,0,0,0,0,0,0,2.3808396758,0,0,0,0,0,0,0,0,0,0,0,0,0,0,0,0,0,2.4794999178,0,0,0,0,0,1.1526795099,0,0,0,0,0,0,0,0,2.3084502124,0,3.5322256441,0,0,2.0971411188,0,0,0,0,0,0,0,0,1.081220546,0,0,0,0,0,0,2.8390784635,1.7579673589,0,0,0,0,0,0,0,0,2.1972245773,0,0,0,0,0,0,0,0,1.558144618,0,0,0,1.9636097262,sistemas de información
2239,0,0,0,0,0,0,0,1.0473189943,0,0,0,0,0,0.1420184645,0,0,0,0,0,0,0,0,0,0,0,0,0.4876475131,3.17263099,0,1.9227877316,0,0,2.5830319096,0,0,2.4385160317,0,0,0,0,0,1.1163118658,0,0,0,0,0,0.6752850235,0,0,0,0,0,0,0,0,0,0,0,0,0,0,0,0,0,0,0,0,0,2.4336133554,0,0,0,0,0,0,3.7553691954,0,0,0,0,0,0,1.2397499589,0,0,0,0,0,1.1526795099,0,0,0,0,0,0,0,0,0,0,0,0,0,0,0,0,0,0,0,0,0,0,1.081220546,0,2.3084502124,0,0,0,0,0,0,0,0,0,0,1.8094590463,3.1957534074,1.8596249384,0,0,0,0,0,0,0,0,0,0,0,0,0,0,0,NULL
2240,0,0.8931683145,0,0,0,0,0,0,0,0,0,0,0,0.2366974409,0,0,0,0,0,0,0,0,0,0,0,0,0,0,0,0,0,0,0,0,0,2.4385160317,0,0,0,0,0,2.2326237315,0,0,0,0,0,2.0258550706,0,1.9636097262,0,0,0,0,0,0,0,0,0,0,0,0,2.5830319096,0,1.2498432584,1.1904198379,0,0,0,7.3008400662,0,0,0,0,0,0,0,0,0,0,0,0,0,0,0,0,0,0,0,0,0,0,0,0,0,0,0,0,0,0,0,0,0,0,0,0,0,0,0,0,0,0,1.081220546,2.576714199,0,0,0,0,0,0,0,0,0,0,0,1.8094590463,9.5872602223,0.6198749795,0,2.1972245773,1.4781019104,0,0,0,0,0,0,0,3.1162892361,0,0,0,0,sistemas de información
1824,0,0,0,0,0,0,0,0,0,0,0,0,0,0.1656882086,0,0,0,0,0,0,0,0,0,0,0,0,0.2438237566,0,0,0,0,0,0,0,0,0.4877032063,2.3690748343,0,2.1972245773,0,0,1.1163118658,0,0,0,0,0,0.3376425118,0,1.9636097262,0,2.0506211031,0,0,0,0,0,0.9985288301,0,0,0,0,0,1.8835670185,1.2498432584,1.1904198379,0,0,0,0,0,2.0971411188,0,0,0,0,0,0,0,0,0,1.171371643,0,0.6198749795,0,0,0,0,0,0,0,0,0,0,0,0,1.586315495,0,0,0,0,0,0,0,0,0,0,0,0,2.3084502124,0,0.9075570519,1.081220546,0,0,0,0,0,0,0,0.8789836795,0,0,1.7743677265,0,0,0,0.6198749795,0,0,0,1.2296405511,0,0,0,0,0,0,0,0,0,0,0,NULL
2242,0,0,0,0,0,0,0,0,0,0,0,0,0,0.0236697441,0,1.8835670185,0,0,2.576714199,0,0,0,10.283327113,0,0,0,0,0,0,0,0,0,0,0,0,0.9754064127,0,0,2.1972245773,0,0,2.2326237315,0,0,0,0,2.8390784635,0.3376425118,0,0,0,0,0,3.0622220148,0,0,4.4485163759,0,0,0,0,0,0,0,0,0,0,0,0,0,0,0,4.4485163759,0,0,0,0,0,0,0,0,0,0,0,0,0,0,0,0,1.1526795099,0,0,0,0,0,0,0,0,0,0,0,0,0,0,1.8094590463,0,0,0,0,0,0,0,0,0,0,0,0,0,0,0,0,0,0,0,0,0,0,0.6198749795,0,0,0,0,0,0,0,0,0,0,0,0,0,0,0,sistemas de información
2499,0,0.8931683145,0,0,0,0,0,0,0,0,0,0,0,0.6627528344,0,0,0,0,0,0,0,0,0,0,0,5.1534283981,0.7314712697,0,0,0,0,0,0,0,0,1.9508128254,0,0,2.1972245773,0,0,0,0,0,0,0,0,1.6882125588,0,0,0,4.1012422063,0,0,0,2.2326237315,0,0,0,0,0,0,0,1.8835670185,0,0,0,0,0,0,0,0,0,0,0,0,0,0,2.7149478452,0,0,2.3427432859,0,2.4794999178,0,0,0,0,0,0,0,0,0,0,0,0,0,0,0,0,0,2.6567569067,0,0,1.8094590463,0,0,0,0,0,0,0.9075570519,0,0,0,0,0,0,0,0,0.8789836795,0,0,0,0,0,0,0,0,0,1.4781019104,3.6889216532,0,2.3690748343,0,0,0,0,0,2.3084502124,0,0,0,NULL
2244,0,0,0,0,0,0,0,0,0,0,0,0,0,0,0,0,0,0,0,0,0,0,0,1.6153030319,0,0,0.2438237566,0,0,0,0,0,0,0,0,0.4877032063,0,0,0,0,0,0,0,0,0,0,0,0,0,0,0,0,0,0,0,0,0,0,0,0,0,0,0,0,0,0,0,0,0,0,0,0,0,0,0,0,0,0,0,0,0,0,0,0,0,0,0,0,0,0,0,0,0,0,0,0,0,0,0,0,0,0,0,0,0,0,0,0,0,0,0,0,0,0,0,0,0,0,0,0,0,0,0,0,0,0,0,0,0,2.1972245773,0,0,0,0,0,0,0,0,1.558144618,0,0,0,0,NULL
1734,0,0,0,0,0,0,0,0,0,0,0,0,0,0.2603671849,0,0,0,0,0,0,0,0,0,4.8459090957,2.5026062269,0,0.2438237566,0,0,0,0,0,1.2915159548,0,0,0.4877032063,0,0,0,0,0,0,0,0,0,1.7404661748,0,0.6752850235,0,0,0,0,0,0,0,0,0,0,0,0,0,0,0,3.767134037,0,0,0,0,0,0,0,0,0,0,0,0,0,0,1.3574739226,0,0,1.171371643,0,1.8596249384,0,0,0,0,0,0,0,0,0,0,0,0,0,0,0,0,0,0,0,0,0,0,0,0,0,0,0,0.9075570519,1.081220546,0,0,0,0,0,0,0,0,0,0,0,0,0,0,0,0,2.1972245773,0,0,0,0,0,0,0,0,0,0,0,0,0,NULL
1481,0,0,0,0,0,0,0,0,0,0,0,0,0,0.0946789763,0,0,0,0,0,0,0,0,0,0,0,0,0.2438237566,0,0,0,0,0,1.2915159548,0,0,0,0,0,0,0,0,0,0,0,0,0,0,1.3505700471,0,0,0,0,0,0,0,0,0,0.9985288301,0,0,0,0,0,0,0,0,0,0,0,0,0,0,0,0,0,0,0,0,0,0,0,0,0,0,0,0,0,0,0,0,0,0,0,0,0,0,0,0,0,0,0,0,0,0,0,0,0,0,0,0,0,1.8151141038,2.1624410919,0,0,0,0,0,0,0,0.8789836795,0,0,0,0,0,0,1.8596249384,0,0,0,0,0,0,0,0,0,0,0,0,0,0,0,NULL
1226,1.2098379238,0,0,0,0,0,0,0,0,0,0,0,0,0.1656882086,0,0,0,0,0,0,0,0,0,0,0,0,0.4876475131,0,0,0,0,0,0,0,0,0.4877032063,0,0,0,0,0,0,0,0,0,0,0,0.6752850235,0,0,0,0,0,0,0,2.2326237315,0,0,0,0,2.9444389792,0,0,0,0,0,0,0,0,0,0,0,0,0,0,0,0,2.0061693406,0,0,0,1.171371643,0,0.6198749795,0,0,0,0,0,0,0,4.0430512678,0,0,0,0,0,0,0,0,0,0,0,0,0,0,0,0,0,0,0,0,0,0,0,0,0,0,0,0,2.6369510384,0,0,0,0,0,0,0,0,0,0,0,0,0,0,0,0,0,0,0,0,0,0,NULL
1524,0,0,0,0,0,0,0,0,1.9227877316,0,0,0,0,0.1656882086,0,0,1.9227877316,4.2918625659,0,0,0,0,0,0,0,0,0.2438237566,0,0,0,0,0,0,0,0,0.9754064127,0,0,1.0986122887,0,0,0,0,0,0,0,0,0.3376425118,0,1.9636097262,0,0,0,0,2.2512917986,1.1163118658,0,0,0,0,0,0,0,0,0,0,0,0,0,0,0,0,0,0,0,0,0,2.0061693406,0,0,0,1.171371643,0,0.6198749795,0,0,0,0,0,1.1526795099,2.4336133554,0,0,0,0,0,0,0,0,0,0,0,0,0,0,0,0,0,0,0,0,0,0,0,0,0,0,0,0,0,0,0,0,0,0,0,0,0.6198749795,0,0,0,1.2296405511,0,0,0,0,0,0,0,0,0,0,0,NULL
2238,0,0.8931683145,0,0,0,0,0,1.0473189943,1.9227877316,0,0,0,0,0.1183487204,0,0,0,0,0,0,0,0,0,0,0,0,0.4876475131,0,0,0,0,0,0,0,0,0,0,0,1.0986122887,0,0,0,0,2.8390784635,0,0,2.8390784635,0.3376425118,0,0,0,0,0,0,0,0,0,0.9985288301,0,0,0,0,0,0,1.2498432584,0,0,0,0,0,0,0,0,0,0,0,0,0,1.3574739226,0,2.9444389792,0,0,0,0,0,0,0,0,0,0,0,0,0,0,0,0,0,0,0,0,0,0,0,0,0,0,0,0,0,0,0.9075570519,1.081220546,2.576714199,0,0,0,0,0,0,0.8789836795,0,0,0,0,0,0,0,2.7437682837,0,0,0,0,0,0,0,0,0,0,0,0,0,0,NULL
2509,0,0,0,0,0,3.415352704,0,1.0473189943,1.9227877316,0,0,0,0,0.3313764172,0,0,0,0,0,0,0,0,0,0,0,0,0.4876475131,0,0,1.9227877316,0,0,0,0,0,0.4877032063,0,0,3.295836866,0,0,2.2326237315,0,2.8390784635,0,0,0,1.6882125588,0,0,0,0,0,0,0,0,0,0.9985288301,0,0,0,0,1.2915159548,0,0,1.1904198379,0,0,0,0,0,2.0971411188,0,0,0,0,0,0,0,0,2.9444389792,2.3427432859,0,2.4794999178,0,0,0,0,0,0,0,0,0,0,0,0,0,0,0,0,0,0,0,0,0,0,0,0,0,0,0,1.8151141038,1.081220546,0,0,0,0,0,0,0,0.8789836795,0,0,0,0,0,0,1.8596249384,5.4875365674,0,1.4781019104,2.4592811021,0,4.7381496685,0,0,0,0,0,2.3084502124,0,0,1.9636097262,sistemas de información
2256,1.2098379238,2.6795049434,0,0,0,0,0,0,0,0,1.5040773968,0,0,1.3965149011,0,0,5.7683631949,0,0,0,0,0,0,6.4612121275,0,2.576714199,0.4876475131,0,0,5.7683631949,0,0,0,0,0,1.463109619,0,0,3.295836866,5.0052124538,0,0,5.1534283981,2.8390784635,0,0,0,2.0258550706,0,3.9272194523,0,6.1518633094,0,0,2.2512917986,11.1631186577,0,0,0,10.0497122618,0,0,0,3.767134037,0,0,0,0,0,0,0,0,0,0,0,0,0,4.0123386811,1.3574739226,0,0,3.5141149289,0,1.8596249384,0,0,0,0,0,0,2.4336133554,0,0,0,0,0,1.586315495,0,0,0,0,5.3135138134,0,0,1.8094590463,0,0,0,0,0,0,0,0,0,0,0,0,0,0,0,2.6369510384,0,0,0,0,1.8094590463,0,1.2397499589,0,0,0,0,0,0,0,0,0,0,1.558144618,0,0,0,0,NULL
1747,0,0,0,0,0,0,0,0,0,0,0,0,0,0.1183487204,0,0,0,0,0,0,1.3804634408,0,0,0,0,0,0,0,0,0,0,0,0,0,0,0,0,0,0,0,0,0,0,0,0,0,0,0.3376425118,0,0,0,0,0,0,0,0,0,0,0,0,0,0,0,0,0,0,0,0,0,0,0,0,0,0,0,0,0,0,0,0,0,0,0,0.6198749795,0,0,0,0,0,0,0,0,0,0,0,0,0,2.0506211031,0,0,0,0,0,0,0,0,0,0,0,0,0,0,0,0,0,0,0,0,0,0,0,0,0,0,0,0,0,0.6198749795,0,0,0,0,0,0,0,0,0,0,0,0,0,0,0,sistemas de información
2004,0,0.8931683145,0,0,0,0,2.5026062269,0,0,0,1.5040773968,0,0,0.284036929,0,0,0,0,0,0,2.7609268816,0,0,0,0,0,0.4876475131,1.586315495,0,0,0,5.1534283981,1.2915159548,0,0,0.4877032063,2.3690748343,0,0,0,0,0,0,0,0,0,0,0.3376425118,0,0,0,0,0,0,0,1.1163118658,0,0,0,0,0,0,2.5830319096,0,0,0,0,0,0,0,0,0,0,0,0,0,0,0,0,8.8970327519,0,0,0,0.6198749795,0,0,0,0,0,0,0,0,0,0,0,0,0,4.1012422063,0,0,0,0,0,0,0,0,0,0,0,2.3084502124,0,0,0,0,4.6169004249,0,0,0,0,0,0,0,0,0,0,0,0,1.2397499589,0,0,0,0,0,0,0,0,0,0,0,0,0,0,0,sistemas de información
1237,2.4196758476,2.6795049434,0,0,0,0,0,2.0946379886,0,0,1.5040773968,0,0,0.1893579527,0,0,0,0,0,2.0061693406,1.3804634408,0,0,0,0,5.1534283981,0.7314712697,0,0,0,0,0,0,0,0,0.4877032063,0,0,0,0,0,0,0,0,0,0,0,1.0129275353,0,0,0,0,0,0,0,1.1163118658,0,0,0,0,0,0,0,0,0,1.1904198379,0,0,0,0,0,2.0971411188,0,0,0,0,0,0,1.3574739226,0,0,0,0,0,0,0,0,0,0,0,0,0,0,0,0,0,0,0,0,0,0,0,0,0,0,0,0,0,0,0,0,3.6302282076,1.081220546,2.576714199,0,0,0,0,3.3499040873,0,0,0,0,3.548735453,0,0,0,0.6198749795,0,0,1.4781019104,0,0,0,0,0,0,0,0,0,0,0,0,NULL
1529,0,0,0,0,0,0,0,0,0,0,0,0,0,0.1420184645,0,0,0,0,0,0,0,0,0,0,0,0,0,0,0,0,0,0,0,0,0,0.4877032063,0,0,0,0,0,0,0,0,0,0,0,0.6752850235,0,0,0,0,0,0,0,0,0,0,0,0,2.9444389792,0,0,0,0,0,0,0,0,0,0,0,0,0,0,0,0,0,1.3574739226,0,0,0,0,0,0,0,0,0,0,0,0,0,0,0,0,0,0,0,0,0,0,0,0,0,0,0,0,0,0,0,0,0.9075570519,0,0,2.3084502124,0,0,0,0,0,0,0,0,0,0,0,0,0,0,6.591673732,0,0,0,0,0,0,0,0,0,0,0,0,0,NULL
1752,0,0,0,0,0,0,0,0,0,0,1.5040773968,0,0,0.1183487204,0,0,0,0,0,0,1.3804634408,0,0,0,0,0,0.2438237566,0,0,0,0,0,0,0,0,0,0,0,0,0,0,0,0,0,0,0,0,0.6752850235,0,0,0,0,0,0,0,0,0,0,0,0,2.9444389792,0,0,0,0,0,0,0,0,0,0,0,0,0,0,0,0,0,0,0,0,0,0,0,0,0,0,0,0,1.1526795099,0,0,0,0,0,0,0,0,2.3084502124,0,0,0,0,0,0,0,0,0,0,0,0,0.9075570519,0,0,0,0,0,0,0,0,0,0,0,0,0,0,0,0,0,0,0,0,0,0,0,0,0,0,0,0,0,0,0,NULL
2265,2.4196758476,0.8931683145,0,0,0,0,0,0,0,0,0,0,0,0.4023856495,0,0,0,2.1459312829,0,0,0,0,0,0,0,0,0,0,0,0,0,0,0,0,0,0.9754064127,0,0,0,0,0,0,0,0,0,0,0,0.6752850235,0,0,0,0,0,0,0,0,0,0,0,0,0,0,0,0,0,0,0,0,0,0,0,0,0,0,0,0,0,2.0061693406,1.3574739226,0,0,3.5141149289,0,0,0,0,0,0,0,0,0,0,0,0,2.3690748343,0,0,0,2.3084502124,0,0,0,0,0,0,0,0,0,0,0,0,2.7226711557,0,0,0,0,0,0,0,0,0,0,0,1.7743677265,0,1.8094590463,0,1.8596249384,0,0,1.4781019104,0,0,0,0,0,0,0,0,2.3084502124,0,2.8390784635,0,NULL
2266,0,0,0,0,0,0,0,0,0,0,1.5040773968,0,0,0.2130276968,0,0,0,0,0,0,0,0,0,0,0,0,0.2438237566,0,0,0,0,0,0,0,0,0.4877032063,0,0,0,0,0,0,2.576714199,2.8390784635,0,0,0,0.6752850235,0,0,0,0,0,0,0,1.1163118658,0,0,0,0,0,0,0,0,0,0,0,0,0,0,0,0,0,0,0,0,0,2.0061693406,0,0,0,2.3427432859,0,0,0,0,0,0,0,1.1526795099,0,0,0,0,0,0,0,0,2.3084502124,0,0,0,0,0,0,0,0,0,0,0,0,0,0,0,0,0,0,0,0,0,0,0,0,0,0,0,0,0.6198749795,0,0,0,1.2296405511,0,0,0,0,0,0,0,0,0,0,0,NULL
2012,0,0,0,0,0,0,0,0,0,0,0,0,0,0.2130276968,0,0,0,0,0,0,2.7609268816,0,0,0,0,0,0,1.586315495,0,0,0,0,0,0,0,0,0,0,0,0,0,0,0,0,0,0,0,0.3376425118,0,0,0,0,0,0,0,0,0,0,0,0,0,0,0,0,0,1.1904198379,0,0,0,0,0,0,0,0,0,0,0,2.0061693406,0,0,0,0,0,0,0,0,0,0,0,0,0,0,0,0,2.3690748343,0,0,0,0,0,0,0,0,0,0,0,0,0,0,0,0,2.7226711557,0,0,0,0,0,0,0,0,0,0,0,0,0,0,0,3.7192498767,0,0,0,0,0,0,0,0,0,0,1.558144618,0,0,0,0,NULL
2525,0,0,0,0,0,0,0,0,0,5.1416635565,0,5.1416635565,0,0.1893579527,5.1416635565,1.8835670185,0,0,0,0,0,5.1416635565,0,0,0,0,0.4876475131,0,5.1416635565,0,0,0,0,0,0,0.9754064127,0,0,0,2.5026062269,0,2.2326237315,0,0,0,0,0,0.6752850235,0,0,0,0,0,0,0,0,0,2.9955864903,0,0,0,0,0,0,2.4996865168,0,0,0,0,4.8672267108,8.8970327519,4.1942822376,0,0,0,0,0,0,0,0,0,0,0,4.9589998356,0,0,0,0,0,0,2.4336133554,0,5.1416635565,0,2.3690748343,0,0,0,9.2338008498,0,0,0,0,2.0971411188,0,0,0,0,0,0,0,0,6.4873232757,0,9.2338008498,0,0,0,0,2.8390784635,2.6369510384,0,0,0,0,0,6.3915068149,0,0,0,1.4781019104,4.9185622043,0,0,0,0,0,0,0,0,0,0,0,sistemas de información
2014,0,0.8931683145,0,0,0,0,0,0,0,0,0,0,0,0.2130276968,0,0,0,0,0,0,0,0,0,0,0,0,0.4876475131,0,0,0,0,2.576714199,0,0,0,0,0,0,1.0986122887,0,0,2.2326237315,0,0,0,0,0,0.3376425118,0,0,0,0,0,0,0,0,0,0,0,0,0,0,0,0,0,0,0,0,0,0,0,0,0,0,0,0,0,0,0,0,0,0,0,0,0,0,0,0,0,0,0,0,0,0,0,0,0,2.0506211031,0,0,0,0,0,0,0,0,0,0,0,0,0,0,0,0,0,0,0,2.5026062269,0,0,0,0,0,0,0,0,0,1.8596249384,0,0,0,0,0,0,0,0,0,0,0,0,0,0,0,NULL
2213,0,0,2.576714199,0,0,0,0,0,1.9227877316,0,0,0,0,0.2603671849,0,0,0,0,0,0,0,0,0,0,0,0,1.4629425393,0,0,0,0,0,0,0,0,0.4877032063,2.3690748343,0,2.1972245773,0,0,1.1163118658,0,0,0,0,0,0.3376425118,0,1.9636097262,0,2.0506211031,0,0,0,0,0,0,0,0,0,0,1.2915159548,1.8835670185,1.2498432584,1.1904198379,0,0,0,0,0,2.0971411188,0,0,0,0,0,0,0,0,2.9444389792,1.171371643,0,0.6198749795,0,0,0,0,0,0,0,0,0,0,0,0,1.586315495,0,0,0,0,0,0,0,0,0,0,0,0,2.3084502124,0,1.8151141038,1.081220546,2.576714199,0,0,0,0,0,0,0.8789836795,0,0,1.7743677265,0,0,0,0.6198749795,0,0,0,1.2296405511,0,0,0,0,0,0,0,0,0,0,0,NULL
2273,0,1.7863366289,0,0,0,0,0,1.0473189943,0,0,0,0,0,0.2366974409,0,0,0,2.1459312829,0,0,0,0,0,0,0,0,0.4876475131,0,0,0,0,0,0,0,0,1.463109619,0,0,0,0,0,0,0,0,0,0,0,0.3376425118,0,0,0,0,0,0,0,0,0,0.9985288301,0,0,0,0,0,0,1.2498432584,0,0,0,0,0,0,0,0,0,0,0,0,0,0,0,0,0,0,1.2397499589,0,0,0,0,0,0,0,0,0,0,0,0,0,0,0,0,0,0,0,0,1.8094590463,0,0,0,0,0,0,0,2.1624410919,0,0,0,0,0,0,0,0.8789836795,0,0,0,0,1.8094590463,0,1.2397499589,0,0,1.4781019104,0,0,0,0,0,0,0,0,0,0,0,0,NULL
2366,0,0.8931683145,2.576714199,0,0,0,0,0,0,0,3.0081547936,0,0,0.2603671849,0,1.8835670185,0,0,0,0,8.2827806449,0,0,0,0,0,0.4876475131,1.586315495,0,1.9227877316,0,0,2.5830319096,0,0,0,0,0,2.1972245773,0,0,0,0,0,0,1.7404661748,0,0.3376425118,0,0,0,0,0,0,2.2512917986,1.1163118658,0,2.9955864903,0,0,0,0,0,1.8835670185,0,0,0,0,0,0,0,0,0,0,0,0,0,2.0061693406,0,0,0,0,0,1.8596249384,0,0,0,0,0,0,0,0,0,0,0,0,3.17263099,0,0,0,0,2.6567569067,0,2.0971411188,1.8094590463,0,0,0,0,0,0,0.9075570519,1.081220546,0,0,0,0,7.5078186807,0,0,1.7579673589,0,0,0,0,0,0,10.5378746507,0,0,1.4781019104,2.4592811021,0,0,0,0,0,0,0,2.3084502124,0,0,0,NULL
2531,0,0.8931683145,2.576714199,0,0,0,0,0,1.9227877316,0,0,0,0,0.284036929,0,1.8835670185,0,0,0,0,1.3804634408,0,0,0,5.0052124538,0,0.4876475131,0,0,0,0,0,0,0,0,0,0,0,1.0986122887,0,0,0,0,0,0,0,0,0.3376425118,0,0,0,0,0,0,0,7.8141830604,0,0,0,0,0,0,0,0,0,0,0,0,0,4.8672267108,0,0,0,0,0,0,0,0,1.3574739226,0,0,2.3427432859,0,0.6198749795,5.1534283981,0,0,0,0,0,0,0,0,0,0,0,0,2.0506211031,0,0,0,0,3.1957534074,0,0,0,0,0,0,0,0,0.9075570519,0,0,0,0,0,0,0,0,0,0,0,0,0,0,0,3.0993748973,0,0,1.4781019104,0,0,0,0,0,0,0,0,0,0,0,0,NULL
1766,0,0,0,0,0,3.415352704,0,2.0946379886,0,0,0,0,0,0.2366974409,0,0,0,0,0,0,0,0,0,0,0,0,0.9752950262,0,0,0,0,0,0,0,0,0.4877032063,0,0,0,0,0,5.5815593288,0,0,0,1.7404661748,0,2.0258550706,0,3.9272194523,0,0,0,0,0,0,0,1.9970576602,0,0,0,0,0,0,0,2.3808396758,0,0,0,0,0,0,0,0,0,0,0,0,0,0,0,0,0,0,0,0,0,0,0,0,0,0,0,0,0,0,0,0,0,0,0,0,3.1957534074,0,0,0,0,0,0,4.6169004249,0,0,1.081220546,0,0,0,0,0,0,0,1.7579673589,0,0,0,0,0,0,0,0,0,0,0,0,0,0,0,0,0,0,0,0,0,0,sistemas de información
2385,0,0,0,0,0,0,2.5026062269,0,0,0,0,0,0,0.2603671849,0,0,1.9227877316,0,0,0,0,0,0,0,0,0,0.2438237566,1.586315495,0,0,0,5.1534283981,1.2915159548,0,0,0.4877032063,2.3690748343,0,0,0,0,0,0,0,0,3.4809323497,0,0.3376425118,0,0,0,0,0,0,0,1.1163118658,0,0.9985288301,0,0,0,0,2.5830319096,0,0,0,0,0,0,0,0,2.0971411188,0,0,0,4.4485163759,0,0,0,0,0,0,0,0,0,0,0,0,0,0,0,0,0,0,0,0,0,4.1012422063,0,0,0,0,0,0,0,0,0,0,0,0,0,0,1.081220546,0,0,0,0,0,0,0,1.7579673589,0,0,0,0,0,0,0,0,0,0,0,0,0,0,0,0,0,0,0,0,0,0,sistemas de información
2024,0,0.8931683145,0,0,0,0,2.5026062269,0,0,0,1.5040773968,0,0,0.284036929,0,0,0,0,0,0,2.7609268816,0,0,0,0,0,0.4876475131,1.586315495,0,0,0,5.1534283981,1.2915159548,0,0,0.4877032063,2.3690748343,0,0,0,0,0,0,0,0,0,0,0.3376425118,0,0,0,0,0,0,0,1.1163118658,0,0,0,0,0,0,2.5830319096,0,0,0,0,0,0,0,0,0,0,0,0,0,0,0,0,8.8970327519,0,0,0,0.6198749795,0,0,0,0,0,0,0,0,0,0,0,0,0,4.1012422063,0,0,0,0,0,0,0,0,0,0,0,2.3084502124,0,0,0,0,4.6169004249,0,0,0,0,0,0,0,0,0,0,0,0,1.2397499589,0,0,0,0,0,0,0,0,0,0,0,0,0,0,0,sistemas de información
2420,4.8393516951,0,0,0,0,0,0,0,0,0,0,0,5.1416635565,0.1656882086,0,0,0,0,2.576714199,0,0,0,0,1.6153030319,0,0,0,0,0,0,0,0,3.8745478644,0,0,0.9754064127,0,0,0,2.5026062269,0,2.2326237315,0,0,0,0,0,0.6752850235,0,0,0,0,0,3.0622220148,0,1.1163118658,0,0,0,0,0,0,0,0,0,1.1904198379,0,0,0,0,0,0,0,0,0,0,0,0,0,0,0,0,0,0,0,0,0,0,4.4485163759,1.1526795099,0,0,0,0,2.3690748343,0,0,0,0,0,0,0,3.1957534074,0,0,0,0,0,0,0,0,0,0,0,2.3084502124,0,0,2.5026062269,0,0,0,0,0,0,7.0644512881,0,0,0,0,0,0,0,0,0,0,5.1416635565,0,0,0,0,0,0,0,sistemas de información
2282,0,0,0,0,0,0,0,0,0,0,0,0,0,0.2603671849,0,0,0,0,0,0,0,0,0,0,0,0,0.2438237566,0,0,0,0,0,0,0,0,0,0,0,0,0,0,0,0,0,0,0,0,0.6752850235,0,0,0,0,0,0,0,0,0,0,0,0,0,0,0,0,0,0,0,0,0,0,0,0,0,0,0,0,0,0,0,0,0,0,0,0,0,0,0,0,0,0,0,0,0,0,0,0,0,0,0,0,0,0,0,0,0,0,0,0,0,0,0,0,0,0,0,0,0,0,0,0,0,0,0,0,0,0,0,0,0,0,0,0,0,0,0,0,0,0,0,2.3084502124,0,0,0,NULL
1003,0,0.8931683145,0,0,0,0,0,0,0,0,1.5040773968,0,0,0.0946789763,0,0,0,0,0,0,0,0,0,1.6153030319,0,0,0,0,0,0,0,0,0,0,0,0,0,0,0,0,0,0,0,0,0,0,0,0,0,0,0,0,0,0,0,0,0,0,0,0,0,0,0,0,0,0,0,0,0,0,0,0,0,0,0,0,0,0,2.7149478452,0,0,0,0,1.8596249384,0,0,0,0,0,0,0,0,0,0,0,0,3.17263099,0,2.3084502124,0,0,0,0,0,0,0,0,0,0,0,0,0,0,0,0,0,0,0,0,0,0,0,0,1.7743677265,0,1.8094590463,0,0,0,0,1.4781019104,0,0,0,0,0,0,0,0,0,0,0,0,NULL
2541,1.2098379238,0,0,0,0,0,0,0,0,0,0,0,0,0.0236697441,0,0,0,0,0,0,0,0,0,0,0,0,0.2438237566,0,0,0,0,0,0,0,0,0,0,0,0,0,0,0,0,0,0,0,0,0,0,0,0,0,0,0,0,3.3489355973,0,0.9985288301,0,0,0,0,0,0,0,0,0,0,0,0,0,0,0,0,0,0,0,0,0,0,0,0,0,0.6198749795,0,0,0,0,0,0,0,0,0,0,0,0,0,0,0,0,0,0,0,2.0971411188,0,0,0,0,0,0,0,0,0,0,0,0,0,0,0,0,2.6369510384,0,0,0,0,0,0,0,0,2.1972245773,0,0,0,0,0,0,0,0,0,0,0,0,0,NULL
2033,1.2098379238,0,0,0,0,0,0,0,0,0,0,0,0,0.1656882086,0,0,0,0,0,0,2.7609268816,0,0,0,0,0,0.2438237566,0,0,0,0,0,1.2915159548,0,0,0.9754064127,2.3690748343,0,0,0,0,2.2326237315,0,0,10.5966769322,0,0,0.6752850235,0,3.9272194523,0,0,0,0,0,2.2326237315,0,0,0,0,0,0,0,0,0,0,0,0,0,0,0,0,0,0,0,0,0,0,0,0,0,0,0,0.6198749795,2.576714199,0,0,0,0,1.1526795099,0,0,0,0,0,0,0,0,0,0,0,0,0,0,7.2378361853,0,0,0,0,0,0,0.9075570519,0,0,16.1591514871,0,0,0,0,0,0,0,0,0,0,0,0,0.6198749795,0,0,0,0,0,4.7381496685,0,0,0,0,0,0,0,0,0,NULL
2035,0,0.8931683145,0,0,0,0,0,0,0,0,0,0,0,0.1420184645,0,0,0,0,0,0,0,0,0,0,2.5026062269,0,0,0,0,0,0,0,1.2915159548,0,0,0.9754064127,0,0,0,0,0,0,0,2.8390784635,0,0,0,0.3376425118,0,0,0,0,0,0,0,0,0,0,0,0,0,0,0,0,0,0,0,0,0,0,0,0,0,0,0,0,0,0,0,0,0,0,0,0,0,0,0,0,0,0,0,0,0,0,0,0,0,0,2.3084502124,0,0,0,0,0,0,0,0,0,0,0,0,0,0,0,0,0,0,0,0,0,0,0,0,0,0,0,0,0,0,4.3944491547,0,0,0,0,0,0,0,0,1.558144618,0,0,0,0,NULL
1268,0,2.6795049434,0,0,0,3.415352704,0,1.0473189943,0,0,0,0,0,0.0710092323,0,0,0,0,0,0,0,0,0,4.8459090957,2.5026062269,0,0.4876475131,0,0,1.9227877316,0,0,0,0,0,0.9754064127,0,0,1.0986122887,0,0,1.1163118658,0,0,0,0,0,0.6752850235,0,0,0,0,0,0,0,0,0,1.9970576602,0,0,5.8888779583,0,0,1.8835670185,0,0,0,0,0,0,0,0,0,0,0,0,0,0,0,0,0,0,0,0.6198749795,0,0,0,0,0,1.1526795099,0,0,0,0,0,0,0,0,0,0,0,0,0,0,0,0,0,0,0,0,0,2.7226711557,0,0,0,0,0,0,0,0,1.7579673589,0,0,0,0,0,0,0.6198749795,0,0,0,1.2296405511,0,4.7381496685,0,0,0,0,4.6744338541,0,0,0,0,sistemas de información
1781,0,0.8931683145,0,0,0,0,2.5026062269,1.0473189943,0,0,0,0,0,0.0710092323,0,0,0,0,0,0,0,0,0,0,0,0,0.2438237566,1.586315495,0,0,0,0,0,0,0,0,0,0,1.0986122887,0,0,2.2326237315,2.576714199,0,0,0,0,0,0,0,0,0,0,0,4.5025835972,1.1163118658,0,0,0,0,0,0,1.2915159548,1.8835670185,0,0,0,0,0,0,0,0,0,0,0,0,0,0,0,0,0,0,0,0.6198749795,0,0,0,0,0,2.3053590199,0,0,0,0,0,0,0,0,0,0,0,0,0,0,0,0,0,0,0,0,0,0,0,0,0,0,0,0,0,0,0,0,0,0,0,0,0,0.6198749795,0,0,0,0,0,0,0,0,0,0,0,0,0,0,0,NULL
1270,0,0,0,0,0,1.707676352,0,0,1.9227877316,0,0,0,0,0.1656882086,0,0,1.9227877316,0,0,2.0061693406,0,0,0,3.2306060638,0,0,1.7067662959,1.586315495,0,0,0,2.576714199,0,0,0,1.463109619,0,0,0,0,0,5.5815593288,0,2.8390784635,0,0,2.8390784635,0,0,0,0,0,0,0,0,0,0,0.9985288301,0,0,0,0,2.5830319096,0,0,4.7616793517,0,12.1291538035,0,0,0,0,0,0,0,0,0,0,1.3574739226,0,0,1.171371643,0,1.8596249384,0,0,0,0,0,1.1526795099,0,0,0,0,2.3690748343,0,0,2.0506211031,0,0,0,0,0,0,0,0,0,0,0,0,0,0.9075570519,0,0,0,0,0,0,0,0,0.8789836795,5.1416635565,0,1.7743677265,0,3.6189180927,0,0,0,0,1.4781019104,2.4592811021,0,0,0,0,2.3084502124,0,0,0,0,0,0,sistemas de información
1193,2.4196758476,0,0,0,0,1.707676352,0,0,0,0,1.5040773968,0,0,0.1656882086,0,0,1.9227877316,0,0,0,0,0,0,0,0,0,0,3.17263099,0,0,0,2.576714199,1.2915159548,3.5322256441,3.5322256441,1.463109619,0,0,2.1972245773,2.5026062269,0,0,0,0,0,0,0,0.3376425118,0,0,10.283327113,0,0,0,0,0,0,0,0,0,0,0,1.2915159548,0,1.2498432584,0,0,0,0,0,0,0,0,0,0,0,0,4.0123386811,0,0,0,0,0,0,0,0,0,0,0,3.4580385298,0,0,0,0,0,0,0,2.0506211031,0,0,0,0,0,0,1.8094590463,0,0,0,0,0,0,1.8151141038,0,0,0,0,0,5.0052124538,0,0,0,0,0,0,0,0,0,0,0,0,0,1.2296405511,0,0,0,0,0,0,0,0,0,0,0,sistemas de información
1784,3.6295137713,0,0,0,0,0,0,0,0,0,0,0,0,0.2130276968,0,0,0,8.5837251318,0,0,0,0,0,0,0,0,0.2438237566,0,0,0,0,0,1.2915159548,0,0,0,2.3690748343,0,0,0,0,0,0,0,0,0,0,0.3376425118,0,0,0,0,0,0,0,0,0,0,0,0,0,0,0,0,1.2498432584,0,0,0,0,0,0,0,0,0,0,0,0,0,0,0,0,0,0,0.6198749795,0,0,0,0,0,0,0,0,0,0,0,0,0,0,0,0,0,0,0,0,0,0,0,0,0,2.3084502124,0,0,0,0,0,0,0,0,0,0,0,0,0,0,0,0,0,1.8596249384,0,0,0,0,0,0,0,0,0,0,0,0,0,0,0,NULL
1785,3.6295137713,0,0,0,0,0,0,0,0,0,0,0,0,0.2366974409,0,0,0,8.5837251318,0,0,0,0,0,0,0,0,0.2438237566,0,0,0,0,0,2.5830319096,0,0,0,2.3690748343,0,0,0,0,0,0,0,0,0,0,0.3376425118,0,0,0,0,0,0,0,0,0,0,0,0,0,0,0,0,1.2498432584,0,0,0,0,0,0,0,0,0,0,0,0,0,0,0,0,0,0,0.6198749795,0,0,0,0,0,0,0,0,0,0,0,0,0,0,0,0,0,0,0,0,0,0,0,0,0,2.3084502124,0,0,0,0,0,0,0,0,0,0,0,0,0,0,0,0,0,1.8596249384,0,0,0,0,0,0,0,0,0,0,0,0,0,0,0,NULL
1786,1.2098379238,1.7863366289,0,0,0,0,0,1.0473189943,0,0,0,0,0,0.3313764172,0,0,0,0,0,0,0,0,0,0,0,0,0.2438237566,0,0,9.6139386582,0,0,0,0,0,0,0,0,0,0,0,0,0,0,0,0,0,1.0129275353,0,0,0,4.1012422063,0,0,0,4.4652474631,0,0,0,0,0,0,0,0,0,0,0,0,0,0,0,0,0,0,0,0,0,2.0061693406,0,0,0,0,0,0,0,0,0,0,0,0,0,0,0,0,0,0,0,0,0,0,0,0,0,0,0,0,0,0,0,0,0,0,0,0,0,0,0,0,0,0,0,0,0,0,0,0,0,1.2397499589,0,0,0,0,0,0,0,0,0,0,0,0,0,0,0,NULL
1531,0,1.7863366289,5.1534283981,0,0,0,0,0,0,0,1.5040773968,0,0,0.5680738581,0,1.8835670185,0,0,0,0,0,0,0,0,0,0,2.4382375655,0,0,1.9227877316,0,0,1.2915159548,0,0,1.463109619,0,0,1.0986122887,2.5026062269,0,0,2.576714199,0,0,0,0,0.3376425118,0,0,0,2.0506211031,0,0,4.5025835972,2.2326237315,0,0,0,0,0,0,2.5830319096,3.767134037,2.4996865168,0,0,0,0,0,0,0,0,0,0,0,0,4.0123386811,0,0,0,0,0,3.0993748973,0,0,0,0,0,0,2.4336133554,0,0,0,0,0,0,0,2.3084502124,0,0,0,3.1957534074,0,0,0,0,0,0,0,0,0,0,0,0,0,0,0,0,0,0,0,0,0,0,5.428377139,0,0,0,4.3944491547,1.4781019104,3.6889216532,0,0,0,0,0,0,0,4.6169004249,0,2.8390784635,1.9636097262,NULL
1532,0,0.8931683145,0,0,0,0,0,1.0473189943,0,0,3.0081547936,0,0,0.4023856495,0,3.767134037,0,4.2918625659,0,0,1.3804634408,0,0,1.6153030319,0,0,1.7067662959,4.758946485,0,1.9227877316,0,0,0,3.5322256441,0,0.9754064127,0,0,1.0986122887,0,0,0,2.576714199,0,0,1.7404661748,0,0.3376425118,0,0,0,0,0,0,0,1.1163118658,0,2.9955864903,0,0,0,0,3.8745478644,0,3.7495297752,2.3808396758,0,0,0,0,0,0,0,0,0,0,0,0,2.7149478452,0,2.9444389792,0,0,0.6198749795,0,0,0,3.3499040873,0,0,0,0,0,0,4.7381496685,0,0,0,0,0,0,2.6567569067,0,0,0,0,0,0,0,0,0,2.7226711557,2.1624410919,2.576714199,0,0,0,2.5026062269,0,2.8390784635,1.7579673589,0,0,3.548735453,0,0,0,0,0,0,1.4781019104,1.2296405511,0,2.3690748343,0,0,0,0,1.558144618,0,0,0,0,NULL
